m,TagName,
"2008-07-01 00:00:00","c#","3"
"2008-08-01 00:00:00","assembly","8"
"2008-08-01 00:00:00","c","82"
"2008-08-01 00:00:00","c#","503"
"2008-08-01 00:00:00","c++","164"
"2008-08-01 00:00:00","delphi","13"
"2008-08-01 00:00:00","java","220"
"2008-08-01 00:00:00","javascript","160"
"2008-08-01 00:00:00","perl","28"
"2008-08-01 00:00:00","php","157"
"2008-08-01 00:00:00","python","119"
"2008-08-01 00:00:00","ruby","68"
"2008-09-01 00:00:00","assembly","28"
"2008-09-01 00:00:00","c","320"
"2008-09-01 00:00:00","c#","1637"
"2008-09-01 00:00:00","c++","749"
"2008-09-01 00:00:00","delphi","104"
"2008-09-01 00:00:00","java","1121"
"2008-09-01 00:00:00","javascript","629"
"2008-09-01 00:00:00","perl","128"
"2008-09-01 00:00:00","php","471"
"2008-09-01 00:00:00","python","533"
"2008-09-01 00:00:00","r","6"
"2008-09-01 00:00:00","ruby","285"
"2008-10-01 00:00:00","assembly","16"
"2008-10-01 00:00:00","c","302"
"2008-10-01 00:00:00","c#","1982"
"2008-10-01 00:00:00","c++","804"
"2008-10-01 00:00:00","delphi","112"
"2008-10-01 00:00:00","java","1142"
"2008-10-01 00:00:00","javascript","720"
"2008-10-01 00:00:00","perl","128"
"2008-10-01 00:00:00","php","603"
"2008-10-01 00:00:00","python","504"
"2008-10-01 00:00:00","ruby","245"
"2008-11-01 00:00:00","assembly","16"
"2008-11-01 00:00:00","c","257"
"2008-11-01 00:00:00","c#","1728"
"2008-11-01 00:00:00","c++","733"
"2008-11-01 00:00:00","delphi","139"
"2008-11-01 00:00:00","java","951"
"2008-11-01 00:00:00","javascript","581"
"2008-11-01 00:00:00","perl","97"
"2008-11-01 00:00:00","php","497"
"2008-11-01 00:00:00","python","446"
"2008-11-01 00:00:00","r","1"
"2008-11-01 00:00:00","ruby","154"
"2008-12-01 00:00:00","assembly","17"
"2008-12-01 00:00:00","c","188"
"2008-12-01 00:00:00","c#","1594"
"2008-12-01 00:00:00","c++","630"
"2008-12-01 00:00:00","delphi","133"
"2008-12-01 00:00:00","java","824"
"2008-12-01 00:00:00","javascript","625"
"2008-12-01 00:00:00","perl","133"
"2008-12-01 00:00:00","php","471"
"2008-12-01 00:00:00","python","437"
"2008-12-01 00:00:00","r","1"
"2008-12-01 00:00:00","ruby","159"
"2009-01-01 00:00:00","assembly","22"
"2009-01-01 00:00:00","c","317"
"2009-01-01 00:00:00","c#","2371"
"2009-01-01 00:00:00","c++","844"
"2009-01-01 00:00:00","delphi","163"
"2009-01-01 00:00:00","java","1140"
"2009-01-01 00:00:00","javascript","787"
"2009-01-01 00:00:00","perl","146"
"2009-01-01 00:00:00","php","623"
"2009-01-01 00:00:00","python","630"
"2009-01-01 00:00:00","r","8"
"2009-01-01 00:00:00","ruby","205"
"2009-01-01 00:00:00","swift","1"
"2009-02-01 00:00:00","assembly","36"
"2009-02-01 00:00:00","c","332"
"2009-02-01 00:00:00","c#","2595"
"2009-02-01 00:00:00","c++","841"
"2009-02-01 00:00:00","delphi","165"
"2009-02-01 00:00:00","java","1200"
"2009-02-01 00:00:00","javascript","944"
"2009-02-01 00:00:00","perl","163"
"2009-02-01 00:00:00","php","747"
"2009-02-01 00:00:00","python","629"
"2009-02-01 00:00:00","r","8"
"2009-02-01 00:00:00","ruby","286"
"2009-02-01 00:00:00","swift","1"
"2009-03-01 00:00:00","assembly","24"
"2009-03-01 00:00:00","c","428"
"2009-03-01 00:00:00","c#","3154"
"2009-03-01 00:00:00","c++","1044"
"2009-03-01 00:00:00","delphi","161"
"2009-03-01 00:00:00","java","1424"
"2009-03-01 00:00:00","javascript","1006"
"2009-03-01 00:00:00","perl","136"
"2009-03-01 00:00:00","php","889"
"2009-03-01 00:00:00","python","764"
"2009-03-01 00:00:00","r","4"
"2009-03-01 00:00:00","ruby","329"
"2009-03-01 00:00:00","swift","1"
"2009-04-01 00:00:00","assembly","50"
"2009-04-01 00:00:00","c","454"
"2009-04-01 00:00:00","c#","3301"
"2009-04-01 00:00:00","c++","1015"
"2009-04-01 00:00:00","delphi","185"
"2009-04-01 00:00:00","java","1526"
"2009-04-01 00:00:00","javascript","1041"
"2009-04-01 00:00:00","perl","161"
"2009-04-01 00:00:00","php","942"
"2009-04-01 00:00:00","python","768"
"2009-04-01 00:00:00","r","12"
"2009-04-01 00:00:00","ruby","356"
"2009-05-01 00:00:00","assembly","46"
"2009-05-01 00:00:00","c","478"
"2009-05-01 00:00:00","c#","3546"
"2009-05-01 00:00:00","c++","1211"
"2009-05-01 00:00:00","delphi","202"
"2009-05-01 00:00:00","java","1810"
"2009-05-01 00:00:00","javascript","1427"
"2009-05-01 00:00:00","perl","196"
"2009-05-01 00:00:00","php","1161"
"2009-05-01 00:00:00","python","995"
"2009-05-01 00:00:00","r","2"
"2009-05-01 00:00:00","ruby","400"
"2009-05-01 00:00:00","swift","2"
"2009-06-01 00:00:00","assembly","47"
"2009-06-01 00:00:00","c","499"
"2009-06-01 00:00:00","c#","3870"
"2009-06-01 00:00:00","c++","1248"
"2009-06-01 00:00:00","delphi","220"
"2009-06-01 00:00:00","java","2108"
"2009-06-01 00:00:00","javascript","1547"
"2009-06-01 00:00:00","perl","246"
"2009-06-01 00:00:00","php","1563"
"2009-06-01 00:00:00","python","1039"
"2009-06-01 00:00:00","r","5"
"2009-06-01 00:00:00","ruby","431"
"2009-07-01 00:00:00","assembly","32"
"2009-07-01 00:00:00","c","537"
"2009-07-01 00:00:00","c#","4401"
"2009-07-01 00:00:00","c++","1462"
"2009-07-01 00:00:00","delphi","269"
"2009-07-01 00:00:00","java","2249"
"2009-07-01 00:00:00","javascript","1751"
"2009-07-01 00:00:00","perl","256"
"2009-07-01 00:00:00","php","1996"
"2009-07-01 00:00:00","python","1158"
"2009-07-01 00:00:00","r","49"
"2009-07-01 00:00:00","ruby","498"
"2009-08-01 00:00:00","assembly","48"
"2009-08-01 00:00:00","c","530"
"2009-08-01 00:00:00","c#","4440"
"2009-08-01 00:00:00","c++","1396"
"2009-08-01 00:00:00","delphi","246"
"2009-08-01 00:00:00","java","2184"
"2009-08-01 00:00:00","javascript","1855"
"2009-08-01 00:00:00","perl","248"
"2009-08-01 00:00:00","php","2161"
"2009-08-01 00:00:00","python","1130"
"2009-08-01 00:00:00","r","47"
"2009-08-01 00:00:00","ruby","484"
"2009-08-01 00:00:00","swift","3"
"2009-09-01 00:00:00","assembly","62"
"2009-09-01 00:00:00","c","572"
"2009-09-01 00:00:00","c#","4346"
"2009-09-01 00:00:00","c++","1461"
"2009-09-01 00:00:00","delphi","251"
"2009-09-01 00:00:00","java","2256"
"2009-09-01 00:00:00","javascript","1755"
"2009-09-01 00:00:00","perl","247"
"2009-09-01 00:00:00","php","2240"
"2009-09-01 00:00:00","python","1167"
"2009-09-01 00:00:00","r","138"
"2009-09-01 00:00:00","ruby","477"
"2009-09-01 00:00:00","swift","3"
"2009-10-01 00:00:00","assembly","73"
"2009-10-01 00:00:00","c","770"
"2009-10-01 00:00:00","c#","4717"
"2009-10-01 00:00:00","c++","1683"
"2009-10-01 00:00:00","delphi","254"
"2009-10-01 00:00:00","java","2497"
"2009-10-01 00:00:00","javascript","2042"
"2009-10-01 00:00:00","perl","281"
"2009-10-01 00:00:00","php","2335"
"2009-10-01 00:00:00","python","1414"
"2009-10-01 00:00:00","r","73"
"2009-10-01 00:00:00","ruby","491"
"2009-10-01 00:00:00","swift","1"
"2009-11-01 00:00:00","assembly","82"
"2009-11-01 00:00:00","c","958"
"2009-11-01 00:00:00","c#","4674"
"2009-11-01 00:00:00","c++","1744"
"2009-11-01 00:00:00","delphi","273"
"2009-11-01 00:00:00","go","65"
"2009-11-01 00:00:00","java","2753"
"2009-11-01 00:00:00","javascript","2232"
"2009-11-01 00:00:00","perl","322"
"2009-11-01 00:00:00","php","2660"
"2009-11-01 00:00:00","python","1548"
"2009-11-01 00:00:00","r","93"
"2009-11-01 00:00:00","ruby","654"
"2009-11-01 00:00:00","swift","3"
"2009-12-01 00:00:00","assembly","62"
"2009-12-01 00:00:00","c","848"
"2009-12-01 00:00:00","c#","4481"
"2009-12-01 00:00:00","c++","1650"
"2009-12-01 00:00:00","delphi","281"
"2009-12-01 00:00:00","go","11"
"2009-12-01 00:00:00","java","2674"
"2009-12-01 00:00:00","javascript","2300"
"2009-12-01 00:00:00","perl","261"
"2009-12-01 00:00:00","php","2787"
"2009-12-01 00:00:00","python","1583"
"2009-12-01 00:00:00","r","80"
"2009-12-01 00:00:00","ruby","570"
"2009-12-01 00:00:00","swift","1"
"2010-01-01 00:00:00","assembly","100"
"2010-01-01 00:00:00","c","977"
"2010-01-01 00:00:00","c#","5105"
"2010-01-01 00:00:00","c++","1994"
"2010-01-01 00:00:00","delphi","302"
"2010-01-01 00:00:00","go","15"
"2010-01-01 00:00:00","java","3714"
"2010-01-01 00:00:00","javascript","2619"
"2010-01-01 00:00:00","perl","299"
"2010-01-01 00:00:00","php","3402"
"2010-01-01 00:00:00","python","1933"
"2010-01-01 00:00:00","r","93"
"2010-01-01 00:00:00","ruby","682"
"2010-02-01 00:00:00","assembly","69"
"2010-02-01 00:00:00","c","1034"
"2010-02-01 00:00:00","c#","5089"
"2010-02-01 00:00:00","c++","2274"
"2010-02-01 00:00:00","delphi","283"
"2010-02-01 00:00:00","go","7"
"2010-02-01 00:00:00","java","3570"
"2010-02-01 00:00:00","javascript","2635"
"2010-02-01 00:00:00","perl","347"
"2010-02-01 00:00:00","php","3132"
"2010-02-01 00:00:00","python","1860"
"2010-02-01 00:00:00","r","122"
"2010-02-01 00:00:00","ruby","688"
"2010-02-01 00:00:00","swift","2"
"2010-03-01 00:00:00","assembly","123"
"2010-03-01 00:00:00","c","1112"
"2010-03-01 00:00:00","c#","6020"
"2010-03-01 00:00:00","c++","2428"
"2010-03-01 00:00:00","delphi","315"
"2010-03-01 00:00:00","go","8"
"2010-03-01 00:00:00","java","4435"
"2010-03-01 00:00:00","javascript","2983"
"2010-03-01 00:00:00","perl","390"
"2010-03-01 00:00:00","php","3703"
"2010-03-01 00:00:00","python","2068"
"2010-03-01 00:00:00","r","139"
"2010-03-01 00:00:00","ruby","692"
"2010-03-01 00:00:00","swift","1"
"2010-04-01 00:00:00","assembly","124"
"2010-04-01 00:00:00","c","1179"
"2010-04-01 00:00:00","c#","5767"
"2010-04-01 00:00:00","c++","2486"
"2010-04-01 00:00:00","delphi","268"
"2010-04-01 00:00:00","go","10"
"2010-04-01 00:00:00","java","3867"
"2010-04-01 00:00:00","javascript","3009"
"2010-04-01 00:00:00","perl","363"
"2010-04-01 00:00:00","php","3624"
"2010-04-01 00:00:00","python","1805"
"2010-04-01 00:00:00","r","160"
"2010-04-01 00:00:00","ruby","752"
"2010-04-01 00:00:00","swift","2"
"2010-05-01 00:00:00","assembly","107"
"2010-05-01 00:00:00","c","1176"
"2010-05-01 00:00:00","c#","5921"
"2010-05-01 00:00:00","c++","2414"
"2010-05-01 00:00:00","delphi","279"
"2010-05-01 00:00:00","go","17"
"2010-05-01 00:00:00","java","4160"
"2010-05-01 00:00:00","javascript","3231"
"2010-05-01 00:00:00","perl","286"
"2010-05-01 00:00:00","php","3947"
"2010-05-01 00:00:00","python","2008"
"2010-05-01 00:00:00","r","139"
"2010-05-01 00:00:00","ruby","775"
"2010-05-01 00:00:00","swift","1"
"2010-06-01 00:00:00","assembly","90"
"2010-06-01 00:00:00","c","1149"
"2010-06-01 00:00:00","c#","6132"
"2010-06-01 00:00:00","c++","2817"
"2010-06-01 00:00:00","delphi","329"
"2010-06-01 00:00:00","go","15"
"2010-06-01 00:00:00","java","4270"
"2010-06-01 00:00:00","javascript","3472"
"2010-06-01 00:00:00","perl","409"
"2010-06-01 00:00:00","php","4056"
"2010-06-01 00:00:00","python","2201"
"2010-06-01 00:00:00","r","176"
"2010-06-01 00:00:00","ruby","850"
"2010-06-01 00:00:00","swift","4"
"2010-07-01 00:00:00","assembly","97"
"2010-07-01 00:00:00","c","1282"
"2010-07-01 00:00:00","c#","6671"
"2010-07-01 00:00:00","c++","2671"
"2010-07-01 00:00:00","delphi","333"
"2010-07-01 00:00:00","go","8"
"2010-07-01 00:00:00","java","4498"
"2010-07-01 00:00:00","javascript","3876"
"2010-07-01 00:00:00","perl","435"
"2010-07-01 00:00:00","php","4561"
"2010-07-01 00:00:00","python","2577"
"2010-07-01 00:00:00","r","233"
"2010-07-01 00:00:00","ruby","908"
"2010-07-01 00:00:00","swift","1"
"2010-08-01 00:00:00","assembly","86"
"2010-08-01 00:00:00","c","1364"
"2010-08-01 00:00:00","c#","6953"
"2010-08-01 00:00:00","c++","2624"
"2010-08-01 00:00:00","delphi","353"
"2010-08-01 00:00:00","go","13"
"2010-08-01 00:00:00","java","4693"
"2010-08-01 00:00:00","javascript","3991"
"2010-08-01 00:00:00","perl","544"
"2010-08-01 00:00:00","php","5087"
"2010-08-01 00:00:00","python","2489"
"2010-08-01 00:00:00","r","283"
"2010-08-01 00:00:00","ruby","990"
"2010-08-01 00:00:00","swift","2"
"2010-09-01 00:00:00","assembly","117"
"2010-09-01 00:00:00","c","1369"
"2010-09-01 00:00:00","c#","6401"
"2010-09-01 00:00:00","c++","2725"
"2010-09-01 00:00:00","delphi","317"
"2010-09-01 00:00:00","go","9"
"2010-09-01 00:00:00","java","4697"
"2010-09-01 00:00:00","javascript","3988"
"2010-09-01 00:00:00","perl","459"
"2010-09-01 00:00:00","php","4655"
"2010-09-01 00:00:00","python","2245"
"2010-09-01 00:00:00","r","235"
"2010-09-01 00:00:00","ruby","935"
"2010-09-01 00:00:00","swift","2"
"2010-10-01 00:00:00","assembly","123"
"2010-10-01 00:00:00","c","1438"
"2010-10-01 00:00:00","c#","6720"
"2010-10-01 00:00:00","c++","2926"
"2010-10-01 00:00:00","delphi","361"
"2010-10-01 00:00:00","go","13"
"2010-10-01 00:00:00","java","5008"
"2010-10-01 00:00:00","javascript","4097"
"2010-10-01 00:00:00","perl","495"
"2010-10-01 00:00:00","php","4473"
"2010-10-01 00:00:00","python","2666"
"2010-10-01 00:00:00","r","214"
"2010-10-01 00:00:00","ruby","924"
"2010-10-01 00:00:00","swift","1"
"2010-11-01 00:00:00","assembly","164"
"2010-11-01 00:00:00","c","1673"
"2010-11-01 00:00:00","c#","7299"
"2010-11-01 00:00:00","c++","3364"
"2010-11-01 00:00:00","delphi","389"
"2010-11-01 00:00:00","go","16"
"2010-11-01 00:00:00","java","5578"
"2010-11-01 00:00:00","javascript","4534"
"2010-11-01 00:00:00","perl","464"
"2010-11-01 00:00:00","php","5071"
"2010-11-01 00:00:00","python","2598"
"2010-11-01 00:00:00","r","241"
"2010-11-01 00:00:00","ruby","925"
"2010-11-01 00:00:00","swift","1"
"2010-12-01 00:00:00","assembly","125"
"2010-12-01 00:00:00","c","1464"
"2010-12-01 00:00:00","c#","7091"
"2010-12-01 00:00:00","c++","3126"
"2010-12-01 00:00:00","delphi","321"
"2010-12-01 00:00:00","go","18"
"2010-12-01 00:00:00","java","5656"
"2010-12-01 00:00:00","javascript","4946"
"2010-12-01 00:00:00","perl","501"
"2010-12-01 00:00:00","php","5322"
"2010-12-01 00:00:00","python","2469"
"2010-12-01 00:00:00","r","222"
"2010-12-01 00:00:00","ruby","1020"
"2010-12-01 00:00:00","swift","2"
"2011-01-01 00:00:00","assembly","133"
"2011-01-01 00:00:00","c","1458"
"2011-01-01 00:00:00","c#","7967"
"2011-01-01 00:00:00","c++","3480"
"2011-01-01 00:00:00","delphi","368"
"2011-01-01 00:00:00","go","15"
"2011-01-01 00:00:00","java","6520"
"2011-01-01 00:00:00","javascript","5408"
"2011-01-01 00:00:00","perl","473"
"2011-01-01 00:00:00","php","6357"
"2011-01-01 00:00:00","python","2895"
"2011-01-01 00:00:00","r","249"
"2011-01-01 00:00:00","ruby","1201"
"2011-01-01 00:00:00","swift","4"
"2011-02-01 00:00:00","assembly","147"
"2011-02-01 00:00:00","c","1631"
"2011-02-01 00:00:00","c#","8195"
"2011-02-01 00:00:00","c++","3432"
"2011-02-01 00:00:00","delphi","358"
"2011-02-01 00:00:00","go","16"
"2011-02-01 00:00:00","java","6845"
"2011-02-01 00:00:00","javascript","5588"
"2011-02-01 00:00:00","perl","481"
"2011-02-01 00:00:00","php","6650"
"2011-02-01 00:00:00","python","3002"
"2011-02-01 00:00:00","r","322"
"2011-02-01 00:00:00","ruby","1247"
"2011-02-01 00:00:00","swift","5"
"2011-03-01 00:00:00","assembly","193"
"2011-03-01 00:00:00","c","2107"
"2011-03-01 00:00:00","c#","9961"
"2011-03-01 00:00:00","c++","4163"
"2011-03-01 00:00:00","delphi","515"
"2011-03-01 00:00:00","go","3"
"2011-03-01 00:00:00","java","8443"
"2011-03-01 00:00:00","javascript","6743"
"2011-03-01 00:00:00","perl","604"
"2011-03-01 00:00:00","php","8027"
"2011-03-01 00:00:00","python","3739"
"2011-03-01 00:00:00","r","422"
"2011-03-01 00:00:00","ruby","1635"
"2011-03-01 00:00:00","swift","3"
"2011-04-01 00:00:00","assembly","160"
"2011-04-01 00:00:00","c","2031"
"2011-04-01 00:00:00","c#","9246"
"2011-04-01 00:00:00","c++","4155"
"2011-04-01 00:00:00","delphi","400"
"2011-04-01 00:00:00","go","7"
"2011-04-01 00:00:00","java","7876"
"2011-04-01 00:00:00","javascript","6864"
"2011-04-01 00:00:00","perl","549"
"2011-04-01 00:00:00","php","7550"
"2011-04-01 00:00:00","python","3319"
"2011-04-01 00:00:00","r","474"
"2011-04-01 00:00:00","ruby","1475"
"2011-04-01 00:00:00","swift","3"
"2011-05-01 00:00:00","assembly","158"
"2011-05-01 00:00:00","c","1824"
"2011-05-01 00:00:00","c#","9960"
"2011-05-01 00:00:00","c++","3860"
"2011-05-01 00:00:00","delphi","472"
"2011-05-01 00:00:00","go","36"
"2011-05-01 00:00:00","java","8513"
"2011-05-01 00:00:00","javascript","7285"
"2011-05-01 00:00:00","perl","580"
"2011-05-01 00:00:00","php","8026"
"2011-05-01 00:00:00","python","3508"
"2011-05-01 00:00:00","r","425"
"2011-05-01 00:00:00","ruby","1562"
"2011-05-01 00:00:00","swift","1"
"2011-06-01 00:00:00","assembly","139"
"2011-06-01 00:00:00","c","1758"
"2011-06-01 00:00:00","c#","9707"
"2011-06-01 00:00:00","c++","3792"
"2011-06-01 00:00:00","delphi","450"
"2011-06-01 00:00:00","go","34"
"2011-06-01 00:00:00","java","7855"
"2011-06-01 00:00:00","javascript","7651"
"2011-06-01 00:00:00","perl","566"
"2011-06-01 00:00:00","php","7977"
"2011-06-01 00:00:00","python","3454"
"2011-06-01 00:00:00","r","442"
"2011-06-01 00:00:00","ruby","1553"
"2011-06-01 00:00:00","swift","4"
"2011-07-01 00:00:00","assembly","140"
"2011-07-01 00:00:00","c","1654"
"2011-07-01 00:00:00","c#","9549"
"2011-07-01 00:00:00","c++","3836"
"2011-07-01 00:00:00","delphi","428"
"2011-07-01 00:00:00","go","26"
"2011-07-01 00:00:00","java","8116"
"2011-07-01 00:00:00","javascript","8071"
"2011-07-01 00:00:00","perl","657"
"2011-07-01 00:00:00","php","8575"
"2011-07-01 00:00:00","python","3644"
"2011-07-01 00:00:00","r","453"
"2011-07-01 00:00:00","ruby","1576"
"2011-07-01 00:00:00","swift","12"
"2011-08-01 00:00:00","assembly","159"
"2011-08-01 00:00:00","c","1826"
"2011-08-01 00:00:00","c#","9995"
"2011-08-01 00:00:00","c++","3941"
"2011-08-01 00:00:00","delphi","420"
"2011-08-01 00:00:00","go","40"
"2011-08-01 00:00:00","java","8619"
"2011-08-01 00:00:00","javascript","8858"
"2011-08-01 00:00:00","perl","609"
"2011-08-01 00:00:00","php","8818"
"2011-08-01 00:00:00","python","3810"
"2011-08-01 00:00:00","r","586"
"2011-08-01 00:00:00","ruby","1847"
"2011-08-01 00:00:00","swift","8"
"2011-09-01 00:00:00","assembly","154"
"2011-09-01 00:00:00","c","1913"
"2011-09-01 00:00:00","c#","9228"
"2011-09-01 00:00:00","c++","3924"
"2011-09-01 00:00:00","delphi","413"
"2011-09-01 00:00:00","go","26"
"2011-09-01 00:00:00","java","8274"
"2011-09-01 00:00:00","javascript","8124"
"2011-09-01 00:00:00","perl","500"
"2011-09-01 00:00:00","php","7959"
"2011-09-01 00:00:00","python","3502"
"2011-09-01 00:00:00","r","611"
"2011-09-01 00:00:00","ruby","1541"
"2011-09-01 00:00:00","swift","6"
"2011-10-01 00:00:00","assembly","212"
"2011-10-01 00:00:00","c","2136"
"2011-10-01 00:00:00","c#","9143"
"2011-10-01 00:00:00","c++","4326"
"2011-10-01 00:00:00","delphi","463"
"2011-10-01 00:00:00","go","39"
"2011-10-01 00:00:00","java","8487"
"2011-10-01 00:00:00","javascript","7967"
"2011-10-01 00:00:00","perl","554"
"2011-10-01 00:00:00","php","7952"
"2011-10-01 00:00:00","python","3596"
"2011-10-01 00:00:00","r","618"
"2011-10-01 00:00:00","ruby","1599"
"2011-10-01 00:00:00","swift","6"
"2011-11-01 00:00:00","assembly","211"
"2011-11-01 00:00:00","c","2193"
"2011-11-01 00:00:00","c#","9830"
"2011-11-01 00:00:00","c++","4444"
"2011-11-01 00:00:00","delphi","504"
"2011-11-01 00:00:00","go","65"
"2011-11-01 00:00:00","java","9559"
"2011-11-01 00:00:00","javascript","8583"
"2011-11-01 00:00:00","perl","601"
"2011-11-01 00:00:00","php","8567"
"2011-11-01 00:00:00","python","3850"
"2011-11-01 00:00:00","r","605"
"2011-11-01 00:00:00","ruby","1729"
"2011-11-01 00:00:00","swift","4"
"2011-12-01 00:00:00","assembly","227"
"2011-12-01 00:00:00","c","1996"
"2011-12-01 00:00:00","c#","9236"
"2011-12-01 00:00:00","c++","4323"
"2011-12-01 00:00:00","delphi","570"
"2011-12-01 00:00:00","go","52"
"2011-12-01 00:00:00","java","9103"
"2011-12-01 00:00:00","javascript","8253"
"2011-12-01 00:00:00","perl","536"
"2011-12-01 00:00:00","php","8249"
"2011-12-01 00:00:00","python","3598"
"2011-12-01 00:00:00","r","612"
"2011-12-01 00:00:00","ruby","1664"
"2011-12-01 00:00:00","swift","2"
"2012-01-01 00:00:00","assembly","169"
"2012-01-01 00:00:00","c","2211"
"2012-01-01 00:00:00","c#","10298"
"2012-01-01 00:00:00","c++","4508"
"2012-01-01 00:00:00","delphi","507"
"2012-01-01 00:00:00","go","37"
"2012-01-01 00:00:00","java","10045"
"2012-01-01 00:00:00","javascript","9514"
"2012-01-01 00:00:00","perl","560"
"2012-01-01 00:00:00","php","9140"
"2012-01-01 00:00:00","python","4168"
"2012-01-01 00:00:00","r","689"
"2012-01-01 00:00:00","ruby","1880"
"2012-01-01 00:00:00","swift","6"
"2012-02-01 00:00:00","assembly","229"
"2012-02-01 00:00:00","c","2389"
"2012-02-01 00:00:00","c#","10650"
"2012-02-01 00:00:00","c++","5067"
"2012-02-01 00:00:00","delphi","471"
"2012-02-01 00:00:00","go","31"
"2012-02-01 00:00:00","java","10844"
"2012-02-01 00:00:00","javascript","9876"
"2012-02-01 00:00:00","perl","610"
"2012-02-01 00:00:00","php","9769"
"2012-02-01 00:00:00","python","4469"
"2012-02-01 00:00:00","r","811"
"2012-02-01 00:00:00","ruby","2029"
"2012-02-01 00:00:00","swift","9"
"2012-03-01 00:00:00","assembly","260"
"2012-03-01 00:00:00","c","2700"
"2012-03-01 00:00:00","c#","11452"
"2012-03-01 00:00:00","c++","5182"
"2012-03-01 00:00:00","delphi","492"
"2012-03-01 00:00:00","go","47"
"2012-03-01 00:00:00","java","12241"
"2012-03-01 00:00:00","javascript","10595"
"2012-03-01 00:00:00","perl","608"
"2012-03-01 00:00:00","php","10715"
"2012-03-01 00:00:00","python","4992"
"2012-03-01 00:00:00","r","887"
"2012-03-01 00:00:00","ruby","2172"
"2012-03-01 00:00:00","swift","4"
"2012-04-01 00:00:00","assembly","276"
"2012-04-01 00:00:00","c","2656"
"2012-04-01 00:00:00","c#","10962"
"2012-04-01 00:00:00","c++","5256"
"2012-04-01 00:00:00","delphi","480"
"2012-04-01 00:00:00","go","69"
"2012-04-01 00:00:00","java","11885"
"2012-04-01 00:00:00","javascript","10550"
"2012-04-01 00:00:00","perl","596"
"2012-04-01 00:00:00","php","10214"
"2012-04-01 00:00:00","python","4877"
"2012-04-01 00:00:00","r","836"
"2012-04-01 00:00:00","ruby","1946"
"2012-04-01 00:00:00","swift","5"
"2012-05-01 00:00:00","assembly","225"
"2012-05-01 00:00:00","c","2457"
"2012-05-01 00:00:00","c#","11392"
"2012-05-01 00:00:00","c++","4935"
"2012-05-01 00:00:00","delphi","473"
"2012-05-01 00:00:00","go","69"
"2012-05-01 00:00:00","java","12027"
"2012-05-01 00:00:00","javascript","11377"
"2012-05-01 00:00:00","perl","639"
"2012-05-01 00:00:00","php","10772"
"2012-05-01 00:00:00","python","5042"
"2012-05-01 00:00:00","r","868"
"2012-05-01 00:00:00","ruby","1950"
"2012-05-01 00:00:00","swift","7"
"2012-06-01 00:00:00","assembly","200"
"2012-06-01 00:00:00","c","2292"
"2012-06-01 00:00:00","c#","11211"
"2012-06-01 00:00:00","c++","4604"
"2012-06-01 00:00:00","delphi","415"
"2012-06-01 00:00:00","go","71"
"2012-06-01 00:00:00","java","10981"
"2012-06-01 00:00:00","javascript","11126"
"2012-06-01 00:00:00","perl","735"
"2012-06-01 00:00:00","php","10428"
"2012-06-01 00:00:00","python","5224"
"2012-06-01 00:00:00","r","964"
"2012-06-01 00:00:00","ruby","1877"
"2012-06-01 00:00:00","swift","4"
"2012-07-01 00:00:00","assembly","199"
"2012-07-01 00:00:00","c","2354"
"2012-07-01 00:00:00","c#","12209"
"2012-07-01 00:00:00","c++","5235"
"2012-07-01 00:00:00","delphi","435"
"2012-07-01 00:00:00","go","76"
"2012-07-01 00:00:00","java","12147"
"2012-07-01 00:00:00","javascript","12229"
"2012-07-01 00:00:00","perl","665"
"2012-07-01 00:00:00","php","11602"
"2012-07-01 00:00:00","python","5698"
"2012-07-01 00:00:00","r","1110"
"2012-07-01 00:00:00","ruby","2055"
"2012-07-01 00:00:00","swift","9"
"2012-08-01 00:00:00","assembly","189"
"2012-08-01 00:00:00","c","2309"
"2012-08-01 00:00:00","c#","11886"
"2012-08-01 00:00:00","c++","5130"
"2012-08-01 00:00:00","delphi","402"
"2012-08-01 00:00:00","go","72"
"2012-08-01 00:00:00","java","12182"
"2012-08-01 00:00:00","javascript","12359"
"2012-08-01 00:00:00","perl","759"
"2012-08-01 00:00:00","php","11783"
"2012-08-01 00:00:00","python","5844"
"2012-08-01 00:00:00","r","1084"
"2012-08-01 00:00:00","ruby","2052"
"2012-08-01 00:00:00","swift","5"
"2012-09-01 00:00:00","assembly","221"
"2012-09-01 00:00:00","c","2517"
"2012-09-01 00:00:00","c#","11209"
"2012-09-01 00:00:00","c++","4872"
"2012-09-01 00:00:00","delphi","382"
"2012-09-01 00:00:00","go","129"
"2012-09-01 00:00:00","java","11537"
"2012-09-01 00:00:00","javascript","11113"
"2012-09-01 00:00:00","perl","661"
"2012-09-01 00:00:00","php","10884"
"2012-09-01 00:00:00","python","5230"
"2012-09-01 00:00:00","r","1056"
"2012-09-01 00:00:00","ruby","1950"
"2012-09-01 00:00:00","swift","7"
"2012-10-01 00:00:00","assembly","313"
"2012-10-01 00:00:00","c","3144"
"2012-10-01 00:00:00","c#","12644"
"2012-10-01 00:00:00","c++","5882"
"2012-10-01 00:00:00","delphi","475"
"2012-10-01 00:00:00","go","101"
"2012-10-01 00:00:00","java","13399"
"2012-10-01 00:00:00","javascript","12343"
"2012-10-01 00:00:00","perl","682"
"2012-10-01 00:00:00","php","11661"
"2012-10-01 00:00:00","python","6109"
"2012-10-01 00:00:00","r","1263"
"2012-10-01 00:00:00","ruby","2247"
"2012-10-01 00:00:00","swift","4"
"2012-11-01 00:00:00","assembly","302"
"2012-11-01 00:00:00","c","3177"
"2012-11-01 00:00:00","c#","12174"
"2012-11-01 00:00:00","c++","6241"
"2012-11-01 00:00:00","delphi","440"
"2012-11-01 00:00:00","go","102"
"2012-11-01 00:00:00","java","13510"
"2012-11-01 00:00:00","javascript","12276"
"2012-11-01 00:00:00","perl","636"
"2012-11-01 00:00:00","php","11682"
"2012-11-01 00:00:00","python","6372"
"2012-11-01 00:00:00","r","1341"
"2012-11-01 00:00:00","ruby","2122"
"2012-11-01 00:00:00","swift","4"
"2012-12-01 00:00:00","assembly","260"
"2012-12-01 00:00:00","c","2553"
"2012-12-01 00:00:00","c#","10889"
"2012-12-01 00:00:00","c++","5659"
"2012-12-01 00:00:00","delphi","426"
"2012-12-01 00:00:00","go","112"
"2012-12-01 00:00:00","java","12336"
"2012-12-01 00:00:00","javascript","11681"
"2012-12-01 00:00:00","perl","550"
"2012-12-01 00:00:00","php","10966"
"2012-12-01 00:00:00","python","5725"
"2012-12-01 00:00:00","r","1207"
"2012-12-01 00:00:00","ruby","1901"
"2012-12-01 00:00:00","swift","4"
"2013-01-01 00:00:00","assembly","290"
"2013-01-01 00:00:00","c","2891"
"2013-01-01 00:00:00","c#","12693"
"2013-01-01 00:00:00","c++","6006"
"2013-01-01 00:00:00","delphi","480"
"2013-01-01 00:00:00","go","100"
"2013-01-01 00:00:00","java","13621"
"2013-01-01 00:00:00","javascript","13721"
"2013-01-01 00:00:00","perl","659"
"2013-01-01 00:00:00","php","12785"
"2013-01-01 00:00:00","python","6532"
"2013-01-01 00:00:00","r","1503"
"2013-01-01 00:00:00","ruby","2294"
"2013-01-01 00:00:00","swift","5"
"2013-02-01 00:00:00","assembly","324"
"2013-02-01 00:00:00","c","3082"
"2013-02-01 00:00:00","c#","12429"
"2013-02-01 00:00:00","c++","6033"
"2013-02-01 00:00:00","delphi","444"
"2013-02-01 00:00:00","go","117"
"2013-02-01 00:00:00","java","13603"
"2013-02-01 00:00:00","javascript","13559"
"2013-02-01 00:00:00","perl","745"
"2013-02-01 00:00:00","php","12438"
"2013-02-01 00:00:00","python","6705"
"2013-02-01 00:00:00","r","1654"
"2013-02-01 00:00:00","ruby","2208"
"2013-02-01 00:00:00","swift","6"
"2013-03-01 00:00:00","assembly","367"
"2013-03-01 00:00:00","c","3410"
"2013-03-01 00:00:00","c#","14177"
"2013-03-01 00:00:00","c++","7144"
"2013-03-01 00:00:00","delphi","520"
"2013-03-01 00:00:00","go","126"
"2013-03-01 00:00:00","java","15809"
"2013-03-01 00:00:00","javascript","15208"
"2013-03-01 00:00:00","perl","849"
"2013-03-01 00:00:00","php","13995"
"2013-03-01 00:00:00","python","7580"
"2013-03-01 00:00:00","r","1838"
"2013-03-01 00:00:00","ruby","2548"
"2013-03-01 00:00:00","swift","5"
"2013-04-01 00:00:00","assembly","328"
"2013-04-01 00:00:00","c","3510"
"2013-04-01 00:00:00","c#","13802"
"2013-04-01 00:00:00","c++","7074"
"2013-04-01 00:00:00","delphi","505"
"2013-04-01 00:00:00","go","125"
"2013-04-01 00:00:00","java","16091"
"2013-04-01 00:00:00","javascript","15219"
"2013-04-01 00:00:00","perl","837"
"2013-04-01 00:00:00","php","13289"
"2013-04-01 00:00:00","python","7888"
"2013-04-01 00:00:00","r","1827"
"2013-04-01 00:00:00","ruby","2455"
"2013-04-01 00:00:00","swift","6"
"2013-05-01 00:00:00","assembly","299"
"2013-05-01 00:00:00","c","3175"
"2013-05-01 00:00:00","c#","13352"
"2013-05-01 00:00:00","c++","6783"
"2013-05-01 00:00:00","delphi","524"
"2013-05-01 00:00:00","go","141"
"2013-05-01 00:00:00","java","15114"
"2013-05-01 00:00:00","javascript","14947"
"2013-05-01 00:00:00","perl","900"
"2013-05-01 00:00:00","php","12964"
"2013-05-01 00:00:00","python","7769"
"2013-05-01 00:00:00","r","1770"
"2013-05-01 00:00:00","ruby","2331"
"2013-05-01 00:00:00","swift","2"
"2013-06-01 00:00:00","assembly","291"
"2013-06-01 00:00:00","c","2919"
"2013-06-01 00:00:00","c#","12672"
"2013-06-01 00:00:00","c++","6160"
"2013-06-01 00:00:00","delphi","472"
"2013-06-01 00:00:00","go","175"
"2013-06-01 00:00:00","java","13795"
"2013-06-01 00:00:00","javascript","14477"
"2013-06-01 00:00:00","perl","825"
"2013-06-01 00:00:00","php","12593"
"2013-06-01 00:00:00","python","7554"
"2013-06-01 00:00:00","r","1758"
"2013-06-01 00:00:00","ruby","2211"
"2013-06-01 00:00:00","swift","4"
"2013-07-01 00:00:00","assembly","294"
"2013-07-01 00:00:00","c","2983"
"2013-07-01 00:00:00","c#","14039"
"2013-07-01 00:00:00","c++","6537"
"2013-07-01 00:00:00","delphi","502"
"2013-07-01 00:00:00","go","200"
"2013-07-01 00:00:00","java","15014"
"2013-07-01 00:00:00","javascript","16682"
"2013-07-01 00:00:00","perl","949"
"2013-07-01 00:00:00","php","14166"
"2013-07-01 00:00:00","python","8565"
"2013-07-01 00:00:00","r","1952"
"2013-07-01 00:00:00","ruby","2428"
"2013-07-01 00:00:00","swift","7"
"2013-08-01 00:00:00","assembly","210"
"2013-08-01 00:00:00","c","2990"
"2013-08-01 00:00:00","c#","13738"
"2013-08-01 00:00:00","c++","6205"
"2013-08-01 00:00:00","delphi","446"
"2013-08-01 00:00:00","go","206"
"2013-08-01 00:00:00","java","14902"
"2013-08-01 00:00:00","javascript","16706"
"2013-08-01 00:00:00","perl","830"
"2013-08-01 00:00:00","php","14171"
"2013-08-01 00:00:00","python","7896"
"2013-08-01 00:00:00","r","1907"
"2013-08-01 00:00:00","ruby","2472"
"2013-08-01 00:00:00","swift","4"
"2013-09-01 00:00:00","assembly","287"
"2013-09-01 00:00:00","c","3361"
"2013-09-01 00:00:00","c#","13627"
"2013-09-01 00:00:00","c++","6477"
"2013-09-01 00:00:00","delphi","484"
"2013-09-01 00:00:00","go","237"
"2013-09-01 00:00:00","java","16090"
"2013-09-01 00:00:00","javascript","17539"
"2013-09-01 00:00:00","perl","683"
"2013-09-01 00:00:00","php","14084"
"2013-09-01 00:00:00","python","7908"
"2013-09-01 00:00:00","r","1699"
"2013-09-01 00:00:00","ruby","2377"
"2013-09-01 00:00:00","swift","9"
"2013-10-01 00:00:00","assembly","374"
"2013-10-01 00:00:00","c","4211"
"2013-10-01 00:00:00","c#","15064"
"2013-10-01 00:00:00","c++","7899"
"2013-10-01 00:00:00","delphi","517"
"2013-10-01 00:00:00","go","210"
"2013-10-01 00:00:00","java","18528"
"2013-10-01 00:00:00","javascript","19551"
"2013-10-01 00:00:00","perl","809"
"2013-10-01 00:00:00","php","15140"
"2013-10-01 00:00:00","python","9424"
"2013-10-01 00:00:00","r","2073"
"2013-10-01 00:00:00","ruby","2780"
"2013-10-01 00:00:00","swift","10"
"2013-11-01 00:00:00","assembly","415"
"2013-11-01 00:00:00","c","4246"
"2013-11-01 00:00:00","c#","14461"
"2013-11-01 00:00:00","c++","8053"
"2013-11-01 00:00:00","delphi","456"
"2013-11-01 00:00:00","go","209"
"2013-11-01 00:00:00","java","18532"
"2013-11-01 00:00:00","javascript","18321"
"2013-11-01 00:00:00","perl","815"
"2013-11-01 00:00:00","php","14661"
"2013-11-01 00:00:00","python","9436"
"2013-11-01 00:00:00","r","2169"
"2013-11-01 00:00:00","ruby","2567"
"2013-11-01 00:00:00","swift","5"
"2013-12-01 00:00:00","assembly","353"
"2013-12-01 00:00:00","c","3480"
"2013-12-01 00:00:00","c#","13508"
"2013-12-01 00:00:00","c++","6951"
"2013-12-01 00:00:00","delphi","444"
"2013-12-01 00:00:00","go","240"
"2013-12-01 00:00:00","java","17273"
"2013-12-01 00:00:00","javascript","17872"
"2013-12-01 00:00:00","perl","759"
"2013-12-01 00:00:00","php","14223"
"2013-12-01 00:00:00","python","8383"
"2013-12-01 00:00:00","r","1901"
"2013-12-01 00:00:00","ruby","2427"
"2013-12-01 00:00:00","swift","10"
"2014-01-01 00:00:00","assembly","335"
"2014-01-01 00:00:00","c","3700"
"2014-01-01 00:00:00","c#","15203"
"2014-01-01 00:00:00","c++","7616"
"2014-01-01 00:00:00","delphi","483"
"2014-01-01 00:00:00","go","300"
"2014-01-01 00:00:00","java","18499"
"2014-01-01 00:00:00","javascript","20929"
"2014-01-01 00:00:00","perl","805"
"2014-01-01 00:00:00","php","16569"
"2014-01-01 00:00:00","python","9785"
"2014-01-01 00:00:00","r","2331"
"2014-01-01 00:00:00","ruby","2745"
"2014-01-01 00:00:00","swift","6"
"2014-02-01 00:00:00","assembly","372"
"2014-02-01 00:00:00","c","3945"
"2014-02-01 00:00:00","c#","15001"
"2014-02-01 00:00:00","c++","7593"
"2014-02-01 00:00:00","delphi","490"
"2014-02-01 00:00:00","go","203"
"2014-02-01 00:00:00","java","19040"
"2014-02-01 00:00:00","javascript","20964"
"2014-02-01 00:00:00","perl","787"
"2014-02-01 00:00:00","php","16300"
"2014-02-01 00:00:00","python","9833"
"2014-02-01 00:00:00","r","2606"
"2014-02-01 00:00:00","ruby","2586"
"2014-02-01 00:00:00","swift","12"
"2014-03-01 00:00:00","assembly","446"
"2014-03-01 00:00:00","c","4526"
"2014-03-01 00:00:00","c#","16021"
"2014-03-01 00:00:00","c++","8593"
"2014-03-01 00:00:00","delphi","439"
"2014-03-01 00:00:00","go","254"
"2014-03-01 00:00:00","java","21712"
"2014-03-01 00:00:00","javascript","22467"
"2014-03-01 00:00:00","perl","905"
"2014-03-01 00:00:00","php","18101"
"2014-03-01 00:00:00","python","11347"
"2014-03-01 00:00:00","r","2784"
"2014-03-01 00:00:00","ruby","2935"
"2014-03-01 00:00:00","swift","5"
"2014-04-01 00:00:00","assembly","358"
"2014-04-01 00:00:00","c","3967"
"2014-04-01 00:00:00","c#","15161"
"2014-04-01 00:00:00","c++","8056"
"2014-04-01 00:00:00","delphi","385"
"2014-04-01 00:00:00","go","340"
"2014-04-01 00:00:00","java","20612"
"2014-04-01 00:00:00","javascript","21238"
"2014-04-01 00:00:00","perl","819"
"2014-04-01 00:00:00","php","17417"
"2014-04-01 00:00:00","python","10666"
"2014-04-01 00:00:00","r","2710"
"2014-04-01 00:00:00","ruby","2736"
"2014-04-01 00:00:00","swift","4"
"2014-05-01 00:00:00","assembly","326"
"2014-05-01 00:00:00","c","3226"
"2014-05-01 00:00:00","c#","13766"
"2014-05-01 00:00:00","c++","6707"
"2014-05-01 00:00:00","delphi","468"
"2014-05-01 00:00:00","go","278"
"2014-05-01 00:00:00","java","17745"
"2014-05-01 00:00:00","javascript","19582"
"2014-05-01 00:00:00","perl","793"
"2014-05-01 00:00:00","php","14559"
"2014-05-01 00:00:00","python","9167"
"2014-05-01 00:00:00","r","2569"
"2014-05-01 00:00:00","ruby","2665"
"2014-05-01 00:00:00","swift","9"
"2014-06-01 00:00:00","assembly","263"
"2014-06-01 00:00:00","c","2745"
"2014-06-01 00:00:00","c#","12359"
"2014-06-01 00:00:00","c++","5599"
"2014-06-01 00:00:00","delphi","413"
"2014-06-01 00:00:00","go","288"
"2014-06-01 00:00:00","java","15736"
"2014-06-01 00:00:00","javascript","18123"
"2014-06-01 00:00:00","perl","674"
"2014-06-01 00:00:00","php","12822"
"2014-06-01 00:00:00","python","8849"
"2014-06-01 00:00:00","r","2380"
"2014-06-01 00:00:00","ruby","2322"
"2014-06-01 00:00:00","swift","2380"
"2014-07-01 00:00:00","assembly","212"
"2014-07-01 00:00:00","c","2807"
"2014-07-01 00:00:00","c#","13530"
"2014-07-01 00:00:00","c++","6208"
"2014-07-01 00:00:00","delphi","441"
"2014-07-01 00:00:00","go","450"
"2014-07-01 00:00:00","java","17188"
"2014-07-01 00:00:00","javascript","19942"
"2014-07-01 00:00:00","perl","732"
"2014-07-01 00:00:00","php","14110"
"2014-07-01 00:00:00","python","9846"
"2014-07-01 00:00:00","r","2614"
"2014-07-01 00:00:00","ruby","2547"
"2014-07-01 00:00:00","swift","1630"
"2014-08-01 00:00:00","assembly","183"
"2014-08-01 00:00:00","c","2661"
"2014-08-01 00:00:00","c#","12378"
"2014-08-01 00:00:00","c++","5829"
"2014-08-01 00:00:00","delphi","419"
"2014-08-01 00:00:00","go","405"
"2014-08-01 00:00:00","java","15572"
"2014-08-01 00:00:00","javascript","18287"
"2014-08-01 00:00:00","perl","683"
"2014-08-01 00:00:00","php","13060"
"2014-08-01 00:00:00","python","9054"
"2014-08-01 00:00:00","r","2448"
"2014-08-01 00:00:00","ruby","2454"
"2014-08-01 00:00:00","swift","1683"
"2014-09-01 00:00:00","assembly","272"
"2014-09-01 00:00:00","c","3207"
"2014-09-01 00:00:00","c#","12220"
"2014-09-01 00:00:00","c++","6130"
"2014-09-01 00:00:00","delphi","441"
"2014-09-01 00:00:00","go","389"
"2014-09-01 00:00:00","java","16497"
"2014-09-01 00:00:00","javascript","17962"
"2014-09-01 00:00:00","perl","678"
"2014-09-01 00:00:00","php","13201"
"2014-09-01 00:00:00","python","8701"
"2014-09-01 00:00:00","r","2350"
"2014-09-01 00:00:00","ruby","2260"
"2014-09-01 00:00:00","swift","1888"
"2014-10-01 00:00:00","assembly","385"
"2014-10-01 00:00:00","c","3772"
"2014-10-01 00:00:00","c#","12442"
"2014-10-01 00:00:00","c++","6763"
"2014-10-01 00:00:00","delphi","406"
"2014-10-01 00:00:00","go","378"
"2014-10-01 00:00:00","java","17702"
"2014-10-01 00:00:00","javascript","18768"
"2014-10-01 00:00:00","perl","637"
"2014-10-01 00:00:00","php","13402"
"2014-10-01 00:00:00","python","9518"
"2014-10-01 00:00:00","r","2753"
"2014-10-01 00:00:00","ruby","2334"
"2014-10-01 00:00:00","swift","2450"
"2014-11-01 00:00:00","assembly","374"
"2014-11-01 00:00:00","c","3633"
"2014-11-01 00:00:00","c#","11757"
"2014-11-01 00:00:00","c++","6495"
"2014-11-01 00:00:00","delphi","422"
"2014-11-01 00:00:00","go","335"
"2014-11-01 00:00:00","java","17657"
"2014-11-01 00:00:00","javascript","17835"
"2014-11-01 00:00:00","perl","655"
"2014-11-01 00:00:00","php","12880"
"2014-11-01 00:00:00","python","9510"
"2014-11-01 00:00:00","r","2689"
"2014-11-01 00:00:00","ruby","2105"
"2014-11-01 00:00:00","swift","2541"
"2014-12-01 00:00:00","assembly","318"
"2014-12-01 00:00:00","c","3136"
"2014-12-01 00:00:00","c#","10987"
"2014-12-01 00:00:00","c++","6023"
"2014-12-01 00:00:00","delphi","312"
"2014-12-01 00:00:00","go","349"
"2014-12-01 00:00:00","java","16208"
"2014-12-01 00:00:00","javascript","16853"
"2014-12-01 00:00:00","perl","564"
"2014-12-01 00:00:00","php","12175"
"2014-12-01 00:00:00","python","8988"
"2014-12-01 00:00:00","r","2346"
"2014-12-01 00:00:00","ruby","2138"
"2014-12-01 00:00:00","swift","2471"
"2015-01-01 00:00:00","assembly","332"
"2015-01-01 00:00:00","c","3196"
"2015-01-01 00:00:00","c#","11664"
"2015-01-01 00:00:00","c++","6087"
"2015-01-01 00:00:00","delphi","375"
"2015-01-01 00:00:00","go","467"
"2015-01-01 00:00:00","java","16402"
"2015-01-01 00:00:00","javascript","18404"
"2015-01-01 00:00:00","perl","587"
"2015-01-01 00:00:00","php","13465"
"2015-01-01 00:00:00","python","9622"
"2015-01-01 00:00:00","r","2665"
"2015-01-01 00:00:00","ruby","2412"
"2015-01-01 00:00:00","swift","3034"
"2015-02-01 00:00:00","assembly","354"
"2015-02-01 00:00:00","c","3349"
"2015-02-01 00:00:00","c#","11722"
"2015-02-01 00:00:00","c++","6428"
"2015-02-01 00:00:00","delphi","409"
"2015-02-01 00:00:00","go","380"
"2015-02-01 00:00:00","java","16622"
"2015-02-01 00:00:00","javascript","18529"
"2015-02-01 00:00:00","perl","561"
"2015-02-01 00:00:00","php","13392"
"2015-02-01 00:00:00","python","10143"
"2015-02-01 00:00:00","r","2948"
"2015-02-01 00:00:00","ruby","2252"
"2015-02-01 00:00:00","swift","3222"
"2015-03-01 00:00:00","assembly","377"
"2015-03-01 00:00:00","c","3898"
"2015-03-01 00:00:00","c#","13179"
"2015-03-01 00:00:00","c++","7341"
"2015-03-01 00:00:00","delphi","404"
"2015-03-01 00:00:00","go","467"
"2015-03-01 00:00:00","java","19602"
"2015-03-01 00:00:00","javascript","20384"
"2015-03-01 00:00:00","perl","628"
"2015-03-01 00:00:00","php","14787"
"2015-03-01 00:00:00","python","11515"
"2015-03-01 00:00:00","r","3545"
"2015-03-01 00:00:00","ruby","2451"
"2015-03-01 00:00:00","swift","3577"
"2015-04-01 00:00:00","assembly","432"
"2015-04-01 00:00:00","c","3933"
"2015-04-01 00:00:00","c#","12994"
"2015-04-01 00:00:00","c++","7098"
"2015-04-01 00:00:00","delphi","383"
"2015-04-01 00:00:00","go","385"
"2015-04-01 00:00:00","java","19668"
"2015-04-01 00:00:00","javascript","20787"
"2015-04-01 00:00:00","perl","573"
"2015-04-01 00:00:00","php","14833"
"2015-04-01 00:00:00","python","11358"
"2015-04-01 00:00:00","r","3304"
"2015-04-01 00:00:00","ruby","2492"
"2015-04-01 00:00:00","swift","3997"
"2015-05-01 00:00:00","assembly","365"
"2015-05-01 00:00:00","c","3505"
"2015-05-01 00:00:00","c#","13272"
"2015-05-01 00:00:00","c++","6774"
"2015-05-01 00:00:00","delphi","399"
"2015-05-01 00:00:00","go","395"
"2015-05-01 00:00:00","java","18394"
"2015-05-01 00:00:00","javascript","22012"
"2015-05-01 00:00:00","perl","525"
"2015-05-01 00:00:00","php","14440"
"2015-05-01 00:00:00","python","11155"
"2015-05-01 00:00:00","r","3405"
"2015-05-01 00:00:00","ruby","2497"
"2015-05-01 00:00:00","swift","3777"
"2015-06-01 00:00:00","assembly","263"
"2015-06-01 00:00:00","c","3149"
"2015-06-01 00:00:00","c#","13453"
"2015-06-01 00:00:00","c++","6480"
"2015-06-01 00:00:00","delphi","384"
"2015-06-01 00:00:00","go","421"
"2015-06-01 00:00:00","java","17714"
"2015-06-01 00:00:00","javascript","22479"
"2015-06-01 00:00:00","perl","568"
"2015-06-01 00:00:00","php","14238"
"2015-06-01 00:00:00","python","11718"
"2015-06-01 00:00:00","r","3406"
"2015-06-01 00:00:00","ruby","2569"
"2015-06-01 00:00:00","swift","4310"
"2015-07-01 00:00:00","assembly","259"
"2015-07-01 00:00:00","c","2800"
"2015-07-01 00:00:00","c#","14037"
"2015-07-01 00:00:00","c++","6664"
"2015-07-01 00:00:00","delphi","384"
"2015-07-01 00:00:00","go","465"
"2015-07-01 00:00:00","java","18551"
"2015-07-01 00:00:00","javascript","23821"
"2015-07-01 00:00:00","perl","578"
"2015-07-01 00:00:00","php","15236"
"2015-07-01 00:00:00","python","12244"
"2015-07-01 00:00:00","r","3961"
"2015-07-01 00:00:00","ruby","2577"
"2015-07-01 00:00:00","swift","5127"
"2015-08-01 00:00:00","assembly","218"
"2015-08-01 00:00:00","c","2564"
"2015-08-01 00:00:00","c#","13158"
"2015-08-01 00:00:00","c++","5846"
"2015-08-01 00:00:00","delphi","384"
"2015-08-01 00:00:00","go","445"
"2015-08-01 00:00:00","java","16974"
"2015-08-01 00:00:00","javascript","22025"
"2015-08-01 00:00:00","perl","551"
"2015-08-01 00:00:00","php","14119"
"2015-08-01 00:00:00","python","11164"
"2015-08-01 00:00:00","r","3487"
"2015-08-01 00:00:00","ruby","2305"
"2015-08-01 00:00:00","swift","5067"
"2015-09-01 00:00:00","assembly","254"
"2015-09-01 00:00:00","c","3074"
"2015-09-01 00:00:00","c#","12867"
"2015-09-01 00:00:00","c++","5883"
"2015-09-01 00:00:00","delphi","356"
"2015-09-01 00:00:00","go","417"
"2015-09-01 00:00:00","java","16821"
"2015-09-01 00:00:00","javascript","21276"
"2015-09-01 00:00:00","perl","464"
"2015-09-01 00:00:00","php","13388"
"2015-09-01 00:00:00","python","10912"
"2015-09-01 00:00:00","r","3314"
"2015-09-01 00:00:00","ruby","2152"
"2015-09-01 00:00:00","swift","4527"
"2015-10-01 00:00:00","assembly","426"
"2015-10-01 00:00:00","c","3663"
"2015-10-01 00:00:00","c#","12722"
"2015-10-01 00:00:00","c++","7007"
"2015-10-01 00:00:00","delphi","420"
"2015-10-01 00:00:00","go","421"
"2015-10-01 00:00:00","java","18394"
"2015-10-01 00:00:00","javascript","21687"
"2015-10-01 00:00:00","perl","495"
"2015-10-01 00:00:00","php","13788"
"2015-10-01 00:00:00","python","12419"
"2015-10-01 00:00:00","r","3649"
"2015-10-01 00:00:00","ruby","2185"
"2015-10-01 00:00:00","swift","4279"
"2015-11-01 00:00:00","assembly","399"
"2015-11-01 00:00:00","c","3592"
"2015-11-01 00:00:00","c#","12317"
"2015-11-01 00:00:00","c++","7051"
"2015-11-01 00:00:00","delphi","388"
"2015-11-01 00:00:00","go","432"
"2015-11-01 00:00:00","java","17655"
"2015-11-01 00:00:00","javascript","21134"
"2015-11-01 00:00:00","perl","463"
"2015-11-01 00:00:00","php","13175"
"2015-11-01 00:00:00","python","12220"
"2015-11-01 00:00:00","r","3514"
"2015-11-01 00:00:00","ruby","1952"
"2015-11-01 00:00:00","swift","4303"
"2015-12-01 00:00:00","assembly","350"
"2015-12-01 00:00:00","c","3078"
"2015-12-01 00:00:00","c#","12071"
"2015-12-01 00:00:00","c++","6530"
"2015-12-01 00:00:00","delphi","314"
"2015-12-01 00:00:00","go","415"
"2015-12-01 00:00:00","java","16435"
"2015-12-01 00:00:00","javascript","20960"
"2015-12-01 00:00:00","perl","478"
"2015-12-01 00:00:00","php","13596"
"2015-12-01 00:00:00","python","11589"
"2015-12-01 00:00:00","r","3167"
"2015-12-01 00:00:00","ruby","2024"
"2015-12-01 00:00:00","swift","4358"
"2016-01-01 00:00:00","assembly","245"
"2016-01-01 00:00:00","c","3031"
"2016-01-01 00:00:00","c#","12301"
"2016-01-01 00:00:00","c++","6073"
"2016-01-01 00:00:00","delphi","317"
"2016-01-01 00:00:00","go","494"
"2016-01-01 00:00:00","java","16520"
"2016-01-01 00:00:00","javascript","22398"
"2016-01-01 00:00:00","perl","445"
"2016-01-01 00:00:00","php","14408"
"2016-01-01 00:00:00","python","12288"
"2016-01-01 00:00:00","r","3516"
"2016-01-01 00:00:00","ruby","2138"
"2016-01-01 00:00:00","swift","4766"
"2016-02-01 00:00:00","assembly","343"
"2016-02-01 00:00:00","c","3260"
"2016-02-01 00:00:00","c#","12676"
"2016-02-01 00:00:00","c++","6527"
"2016-02-01 00:00:00","delphi","355"
"2016-02-01 00:00:00","go","539"
"2016-02-01 00:00:00","java","17741"
"2016-02-01 00:00:00","javascript","22340"
"2016-02-01 00:00:00","perl","500"
"2016-02-01 00:00:00","php","14753"
"2016-02-01 00:00:00","python","13203"
"2016-02-01 00:00:00","r","3571"
"2016-02-01 00:00:00","ruby","2245"
"2016-02-01 00:00:00","swift","4734"
"2016-03-01 00:00:00","assembly","433"
"2016-03-01 00:00:00","c","3430"
"2016-03-01 00:00:00","c#","13549"
"2016-03-01 00:00:00","c++","6990"
"2016-03-01 00:00:00","delphi","338"
"2016-03-01 00:00:00","go","592"
"2016-03-01 00:00:00","java","19777"
"2016-03-01 00:00:00","javascript","23959"
"2016-03-01 00:00:00","perl","467"
"2016-03-01 00:00:00","php","14993"
"2016-03-01 00:00:00","python","14016"
"2016-03-01 00:00:00","r","4036"
"2016-03-01 00:00:00","ruby","2255"
"2016-03-01 00:00:00","swift","5053"
"2016-04-01 00:00:00","assembly","413"
"2016-04-01 00:00:00","c","3345"
"2016-04-01 00:00:00","c#","13657"
"2016-04-01 00:00:00","c++","6867"
"2016-04-01 00:00:00","delphi","326"
"2016-04-01 00:00:00","go","601"
"2016-04-01 00:00:00","java","19390"
"2016-04-01 00:00:00","javascript","23336"
"2016-04-01 00:00:00","perl","492"
"2016-04-01 00:00:00","php","14356"
"2016-04-01 00:00:00","python","13581"
"2016-04-01 00:00:00","r","4113"
"2016-04-01 00:00:00","ruby","2211"
"2016-04-01 00:00:00","swift","4733"
"2016-05-01 00:00:00","assembly","324"
"2016-05-01 00:00:00","c","2714"
"2016-05-01 00:00:00","c#","13442"
"2016-05-01 00:00:00","c++","6109"
"2016-05-01 00:00:00","delphi","337"
"2016-05-01 00:00:00","go","577"
"2016-05-01 00:00:00","java","16931"
"2016-05-01 00:00:00","javascript","22879"
"2016-05-01 00:00:00","perl","485"
"2016-05-01 00:00:00","php","14336"
"2016-05-01 00:00:00","python","13057"
"2016-05-01 00:00:00","r","3787"
"2016-05-01 00:00:00","ruby","2127"
"2016-05-01 00:00:00","swift","4396"
"2016-06-01 00:00:00","assembly","288"
"2016-06-01 00:00:00","c","2290"
"2016-06-01 00:00:00","c#","13012"
"2016-06-01 00:00:00","c++","5689"
"2016-06-01 00:00:00","delphi","281"
"2016-06-01 00:00:00","go","546"
"2016-06-01 00:00:00","java","15856"
"2016-06-01 00:00:00","javascript","22053"
"2016-06-01 00:00:00","perl","434"
"2016-06-01 00:00:00","php","13532"
"2016-06-01 00:00:00","python","12859"
"2016-06-01 00:00:00","r","3850"
"2016-06-01 00:00:00","ruby","2100"
"2016-06-01 00:00:00","swift","4779"
"2016-07-01 00:00:00","assembly","202"
"2016-07-01 00:00:00","c","2339"
"2016-07-01 00:00:00","c#","11940"
"2016-07-01 00:00:00","c++","5439"
"2016-07-01 00:00:00","delphi","242"
"2016-07-01 00:00:00","go","536"
"2016-07-01 00:00:00","java","14872"
"2016-07-01 00:00:00","javascript","22085"
"2016-07-01 00:00:00","perl","413"
"2016-07-01 00:00:00","php","12827"
"2016-07-01 00:00:00","python","12770"
"2016-07-01 00:00:00","r","3738"
"2016-07-01 00:00:00","ruby","1894"
"2016-07-01 00:00:00","swift","4911"
"2016-08-01 00:00:00","assembly","256"
"2016-08-01 00:00:00","c","2199"
"2016-08-01 00:00:00","c#","12675"
"2016-08-01 00:00:00","c++","4998"
"2016-08-01 00:00:00","delphi","337"
"2016-08-01 00:00:00","go","566"
"2016-08-01 00:00:00","java","15131"
"2016-08-01 00:00:00","javascript","22563"
"2016-08-01 00:00:00","perl","457"
"2016-08-01 00:00:00","php","12822"
"2016-08-01 00:00:00","python","12870"
"2016-08-01 00:00:00","r","3779"
"2016-08-01 00:00:00","ruby","1872"
"2016-08-01 00:00:00","swift","4884"
"2016-09-01 00:00:00","assembly","334"
"2016-09-01 00:00:00","c","2497"
"2016-09-01 00:00:00","c#","11055"
"2016-09-01 00:00:00","c++","5117"
"2016-09-01 00:00:00","delphi","287"
"2016-09-01 00:00:00","go","510"
"2016-09-01 00:00:00","java","14587"
"2016-09-01 00:00:00","javascript","20334"
"2016-09-01 00:00:00","perl","461"
"2016-09-01 00:00:00","php","12034"
"2016-09-01 00:00:00","python","12291"
"2016-09-01 00:00:00","r","3296"
"2016-09-01 00:00:00","ruby","1919"
"2016-09-01 00:00:00","swift","4838"
"2016-10-01 00:00:00","assembly","396"
"2016-10-01 00:00:00","c","3197"
"2016-10-01 00:00:00","c#","11419"
"2016-10-01 00:00:00","c++","5950"
"2016-10-01 00:00:00","delphi","268"
"2016-10-01 00:00:00","go","529"
"2016-10-01 00:00:00","java","15249"
"2016-10-01 00:00:00","javascript","20342"
"2016-10-01 00:00:00","perl","400"
"2016-10-01 00:00:00","php","12159"
"2016-10-01 00:00:00","python","13457"
"2016-10-01 00:00:00","r","3768"
"2016-10-01 00:00:00","ruby","1816"
"2016-10-01 00:00:00","swift","4719"
"2016-11-01 00:00:00","assembly","411"
"2016-11-01 00:00:00","c","3251"
"2016-11-01 00:00:00","c#","11611"
"2016-11-01 00:00:00","c++","6044"
"2016-11-01 00:00:00","delphi","275"
"2016-11-01 00:00:00","go","475"
"2016-11-01 00:00:00","java","15582"
"2016-11-01 00:00:00","javascript","20395"
"2016-11-01 00:00:00","perl","365"
"2016-11-01 00:00:00","php","11874"
"2016-11-01 00:00:00","python","14129"
"2016-11-01 00:00:00","r","3543"
"2016-11-01 00:00:00","ruby","1752"
"2016-11-01 00:00:00","swift","4355"
"2016-12-01 00:00:00","assembly","310"
"2016-12-01 00:00:00","c","2790"
"2016-12-01 00:00:00","c#","10642"
"2016-12-01 00:00:00","c++","5200"
"2016-12-01 00:00:00","delphi","252"
"2016-12-01 00:00:00","go","494"
"2016-12-01 00:00:00","java","13773"
"2016-12-01 00:00:00","javascript","19684"
"2016-12-01 00:00:00","perl","336"
"2016-12-01 00:00:00","php","11384"
"2016-12-01 00:00:00","python","12987"
"2016-12-01 00:00:00","r","3140"
"2016-12-01 00:00:00","ruby","1625"
"2016-12-01 00:00:00","swift","3918"
"2017-01-01 00:00:00","assembly","305"
"2017-01-01 00:00:00","c","2750"
"2017-01-01 00:00:00","c#","11647"
"2017-01-01 00:00:00","c++","5627"
"2017-01-01 00:00:00","delphi","285"
"2017-01-01 00:00:00","go","556"
"2017-01-01 00:00:00","java","14486"
"2017-01-01 00:00:00","javascript","21301"
"2017-01-01 00:00:00","perl","321"
"2017-01-01 00:00:00","php","12509"
"2017-01-01 00:00:00","python","14212"
"2017-01-01 00:00:00","r","3479"
"2017-01-01 00:00:00","ruby","1820"
"2017-01-01 00:00:00","swift","4327"
"2017-02-01 00:00:00","assembly","300"
"2017-02-01 00:00:00","c","2714"
"2017-02-01 00:00:00","c#","11431"
"2017-02-01 00:00:00","c++","5146"
"2017-02-01 00:00:00","delphi","304"
"2017-02-01 00:00:00","go","548"
"2017-02-01 00:00:00","java","14488"
"2017-02-01 00:00:00","javascript","21093"
"2017-02-01 00:00:00","perl","398"
"2017-02-01 00:00:00","php","12391"
"2017-02-01 00:00:00","python","14715"
"2017-02-01 00:00:00","r","3667"
"2017-02-01 00:00:00","ruby","1616"
"2017-02-01 00:00:00","swift","4043"
"2017-03-01 00:00:00","assembly","368"
"2017-03-01 00:00:00","c","2946"
"2017-03-01 00:00:00","c#","12933"
"2017-03-01 00:00:00","c++","6198"
"2017-03-01 00:00:00","delphi","304"
"2017-03-01 00:00:00","go","650"
"2017-03-01 00:00:00","java","17220"
"2017-03-01 00:00:00","javascript","23555"
"2017-03-01 00:00:00","perl","408"
"2017-03-01 00:00:00","php","13886"
"2017-03-01 00:00:00","python","17045"
"2017-03-01 00:00:00","r","4589"
"2017-03-01 00:00:00","ruby","1788"
"2017-03-01 00:00:00","swift","4603"
"2017-04-01 00:00:00","assembly","315"
"2017-04-01 00:00:00","c","2836"
"2017-04-01 00:00:00","c#","11047"
"2017-04-01 00:00:00","c++","5847"
"2017-04-01 00:00:00","delphi","262"
"2017-04-01 00:00:00","go","506"
"2017-04-01 00:00:00","java","15803"
"2017-04-01 00:00:00","javascript","21109"
"2017-04-01 00:00:00","perl","366"
"2017-04-01 00:00:00","php","12263"
"2017-04-01 00:00:00","python","15581"
"2017-04-01 00:00:00","r","4244"
"2017-04-01 00:00:00","ruby","1483"
"2017-04-01 00:00:00","swift","3899"
"2017-05-01 00:00:00","assembly","347"
"2017-05-01 00:00:00","c","2736"
"2017-05-01 00:00:00","c#","11929"
"2017-05-01 00:00:00","c++","5276"
"2017-05-01 00:00:00","delphi","316"
"2017-05-01 00:00:00","go","581"
"2017-05-01 00:00:00","java","16245"
"2017-05-01 00:00:00","javascript","22266"
"2017-05-01 00:00:00","perl","353"
"2017-05-01 00:00:00","php","12940"
"2017-05-01 00:00:00","python","16119"
"2017-05-01 00:00:00","r","4295"
"2017-05-01 00:00:00","ruby","1515"
"2017-05-01 00:00:00","swift","4084"
"2017-06-01 00:00:00","assembly","238"
"2017-06-01 00:00:00","c","2336"
"2017-06-01 00:00:00","c#","11242"
"2017-06-01 00:00:00","c++","4659"
"2017-06-01 00:00:00","delphi","245"
"2017-06-01 00:00:00","go","572"
"2017-06-01 00:00:00","java","14531"
"2017-06-01 00:00:00","javascript","21450"
"2017-06-01 00:00:00","perl","310"
"2017-06-01 00:00:00","php","11627"
"2017-06-01 00:00:00","python","15933"
"2017-06-01 00:00:00","r","4427"
"2017-06-01 00:00:00","ruby","1409"
"2017-06-01 00:00:00","swift","4181"
"2017-07-01 00:00:00","assembly","220"
"2017-07-01 00:00:00","c","2037"
"2017-07-01 00:00:00","c#","11160"
"2017-07-01 00:00:00","c++","4999"
"2017-07-01 00:00:00","delphi","206"
"2017-07-01 00:00:00","go","653"
"2017-07-01 00:00:00","java","14047"
"2017-07-01 00:00:00","javascript","21486"
"2017-07-01 00:00:00","perl","322"
"2017-07-01 00:00:00","php","11649"
"2017-07-01 00:00:00","python","16839"
"2017-07-01 00:00:00","r","4568"
"2017-07-01 00:00:00","ruby","1517"
"2017-07-01 00:00:00","swift","4341"
"2017-08-01 00:00:00","assembly","215"
"2017-08-01 00:00:00","c","2034"
"2017-08-01 00:00:00","c#","10915"
"2017-08-01 00:00:00","c++","4764"
"2017-08-01 00:00:00","delphi","289"
"2017-08-01 00:00:00","go","602"
"2017-08-01 00:00:00","java","13686"
"2017-08-01 00:00:00","javascript","21235"
"2017-08-01 00:00:00","perl","355"
"2017-08-01 00:00:00","php","11540"
"2017-08-01 00:00:00","python","16424"
"2017-08-01 00:00:00","r","4547"
"2017-08-01 00:00:00","ruby","1391"
"2017-08-01 00:00:00","swift","4164"
"2017-09-01 00:00:00","assembly","228"
"2017-09-01 00:00:00","c","2090"
"2017-09-01 00:00:00","c#","9825"
"2017-09-01 00:00:00","c++","4446"
"2017-09-01 00:00:00","delphi","260"
"2017-09-01 00:00:00","go","541"
"2017-09-01 00:00:00","java","12680"
"2017-09-01 00:00:00","javascript","18861"
"2017-09-01 00:00:00","perl","296"
"2017-09-01 00:00:00","php","10604"
"2017-09-01 00:00:00","python","15383"
"2017-09-01 00:00:00","r","4208"
"2017-09-01 00:00:00","ruby","1220"
"2017-09-01 00:00:00","swift","3751"
"2017-10-01 00:00:00","assembly","328"
"2017-10-01 00:00:00","c","2763"
"2017-10-01 00:00:00","c#","10162"
"2017-10-01 00:00:00","c++","5197"
"2017-10-01 00:00:00","delphi","221"
"2017-10-01 00:00:00","go","613"
"2017-10-01 00:00:00","java","13922"
"2017-10-01 00:00:00","javascript","19700"
"2017-10-01 00:00:00","perl","332"
"2017-10-01 00:00:00","php","10723"
"2017-10-01 00:00:00","python","16866"
"2017-10-01 00:00:00","r","4519"
"2017-10-01 00:00:00","ruby","1294"
"2017-10-01 00:00:00","swift","3879"
"2017-11-01 00:00:00","assembly","384"
"2017-11-01 00:00:00","c","2933"
"2017-11-01 00:00:00","c#","9737"
"2017-11-01 00:00:00","c++","5014"
"2017-11-01 00:00:00","delphi","199"
"2017-11-01 00:00:00","go","654"
"2017-11-01 00:00:00","java","14075"
"2017-11-01 00:00:00","javascript","19273"
"2017-11-01 00:00:00","perl","262"
"2017-11-01 00:00:00","php","10479"
"2017-11-01 00:00:00","python","16879"
"2017-11-01 00:00:00","r","4489"
"2017-11-01 00:00:00","ruby","1168"
"2017-11-01 00:00:00","swift","3653"
"2017-12-01 00:00:00","assembly","247"
"2017-12-01 00:00:00","c","2189"
"2017-12-01 00:00:00","c#","8550"
"2017-12-01 00:00:00","c++","4436"
"2017-12-01 00:00:00","delphi","186"
"2017-12-01 00:00:00","go","521"
"2017-12-01 00:00:00","java","11904"
"2017-12-01 00:00:00","javascript","16856"
"2017-12-01 00:00:00","perl","235"
"2017-12-01 00:00:00","php","9047"
"2017-12-01 00:00:00","python","14861"
"2017-12-01 00:00:00","r","3705"
"2017-12-01 00:00:00","ruby","1014"
"2017-12-01 00:00:00","swift","3193"
"2018-01-01 00:00:00","assembly","251"
"2018-01-01 00:00:00","c","2203"
"2018-01-01 00:00:00","c#","9329"
"2018-01-01 00:00:00","c++","4729"
"2018-01-01 00:00:00","delphi","195"
"2018-01-01 00:00:00","go","540"
"2018-01-01 00:00:00","java","12290"
"2018-01-01 00:00:00","javascript","18785"
"2018-01-01 00:00:00","perl","245"
"2018-01-01 00:00:00","php","10024"
"2018-01-01 00:00:00","python","16160"
"2018-01-01 00:00:00","r","4188"
"2018-01-01 00:00:00","ruby","1157"
"2018-01-01 00:00:00","swift","3730"
"2018-02-01 00:00:00","assembly","281"
"2018-02-01 00:00:00","c","2135"
"2018-02-01 00:00:00","c#","8534"
"2018-02-01 00:00:00","c++","4552"
"2018-02-01 00:00:00","delphi","212"
"2018-02-01 00:00:00","go","581"
"2018-02-01 00:00:00","java","11972"
"2018-02-01 00:00:00","javascript","17126"
"2018-02-01 00:00:00","perl","230"
"2018-02-01 00:00:00","php","9052"
"2018-02-01 00:00:00","python","16233"
"2018-02-01 00:00:00","r","4488"
"2018-02-01 00:00:00","ruby","1028"
"2018-02-01 00:00:00","swift","3389"
"2018-03-01 00:00:00","assembly","316"
"2018-03-01 00:00:00","c","2454"
"2018-03-01 00:00:00","c#","9731"
"2018-03-01 00:00:00","c++","5152"
"2018-03-01 00:00:00","delphi","219"
"2018-03-01 00:00:00","go","601"
"2018-03-01 00:00:00","java","13471"
"2018-03-01 00:00:00","javascript","19019"
"2018-03-01 00:00:00","perl","287"
"2018-03-01 00:00:00","php","9752"
"2018-03-01 00:00:00","python","17818"
"2018-03-01 00:00:00","r","5084"
"2018-03-01 00:00:00","ruby","1059"
"2018-03-01 00:00:00","swift","4033"
"2018-04-01 00:00:00","assembly","320"
"2018-04-01 00:00:00","c","2171"
"2018-04-01 00:00:00","c#","9174"
"2018-04-01 00:00:00","c++","4644"
"2018-04-01 00:00:00","delphi","202"
"2018-04-01 00:00:00","go","616"
"2018-04-01 00:00:00","java","13404"
"2018-04-01 00:00:00","javascript","17865"
"2018-04-01 00:00:00","perl","252"
"2018-04-01 00:00:00","php","8853"
"2018-04-01 00:00:00","python","16882"
"2018-04-01 00:00:00","r","4712"
"2018-04-01 00:00:00","ruby","984"
"2018-04-01 00:00:00","swift","3558"
"2018-05-01 00:00:00","assembly","296"
"2018-05-01 00:00:00","c","2351"
"2018-05-01 00:00:00","c#","9872"
"2018-05-01 00:00:00","c++","4671"
"2018-05-01 00:00:00","delphi","192"
"2018-05-01 00:00:00","go","628"
"2018-05-01 00:00:00","java","13386"
"2018-05-01 00:00:00","javascript","17950"
"2018-05-01 00:00:00","perl","242"
"2018-05-01 00:00:00","php","9387"
"2018-05-01 00:00:00","python","17490"
"2018-05-01 00:00:00","r","4720"
"2018-05-01 00:00:00","ruby","1032"
"2018-05-01 00:00:00","swift","3604"
"2018-06-01 00:00:00","assembly","202"
"2018-06-01 00:00:00","c","1827"
"2018-06-01 00:00:00","c#","8754"
"2018-06-01 00:00:00","c++","4080"
"2018-06-01 00:00:00","delphi","186"
"2018-06-01 00:00:00","go","671"
"2018-06-01 00:00:00","java","11746"
"2018-06-01 00:00:00","javascript","17128"
"2018-06-01 00:00:00","perl","238"
"2018-06-01 00:00:00","php","8380"
"2018-06-01 00:00:00","python","16741"
"2018-06-01 00:00:00","r","4472"
"2018-06-01 00:00:00","ruby","988"
"2018-06-01 00:00:00","swift","3128"
"2018-07-01 00:00:00","assembly","181"
"2018-07-01 00:00:00","c","1591"
"2018-07-01 00:00:00","c#","9367"
"2018-07-01 00:00:00","c++","3895"
"2018-07-01 00:00:00","delphi","206"
"2018-07-01 00:00:00","go","685"
"2018-07-01 00:00:00","java","11694"
"2018-07-01 00:00:00","javascript","17748"
"2018-07-01 00:00:00","perl","245"
"2018-07-01 00:00:00","php","8520"
"2018-07-01 00:00:00","python","17880"
"2018-07-01 00:00:00","r","4396"
"2018-07-01 00:00:00","ruby","939"
"2018-07-01 00:00:00","swift","3656"
"2018-08-01 00:00:00","assembly","176"
"2018-08-01 00:00:00","c","1671"
"2018-08-01 00:00:00","c#","9442"
"2018-08-01 00:00:00","c++","3885"
"2018-08-01 00:00:00","delphi","204"
"2018-08-01 00:00:00","go","703"
"2018-08-01 00:00:00","java","11262"
"2018-08-01 00:00:00","javascript","17792"
"2018-08-01 00:00:00","perl","227"
"2018-08-01 00:00:00","php","8449"
"2018-08-01 00:00:00","python","17692"
"2018-08-01 00:00:00","r","4092"
"2018-08-01 00:00:00","ruby","874"
"2018-08-01 00:00:00","swift","3559"
"2018-09-01 00:00:00","assembly","255"
"2018-09-01 00:00:00","c","1827"
"2018-09-01 00:00:00","c#","8330"
"2018-09-01 00:00:00","c++","3719"
"2018-09-01 00:00:00","delphi","181"
"2018-09-01 00:00:00","go","670"
"2018-09-01 00:00:00","java","10674"
"2018-09-01 00:00:00","javascript","15956"
"2018-09-01 00:00:00","perl","204"
"2018-09-01 00:00:00","php","7642"
"2018-09-01 00:00:00","python","15962"
"2018-09-01 00:00:00","r","3740"
"2018-09-01 00:00:00","ruby","774"
"2018-09-01 00:00:00","swift","3127"
"2018-10-01 00:00:00","assembly","318"
"2018-10-01 00:00:00","c","2433"
"2018-10-01 00:00:00","c#","9302"
"2018-10-01 00:00:00","c++","4285"
"2018-10-01 00:00:00","delphi","221"
"2018-10-01 00:00:00","go","788"
"2018-10-01 00:00:00","java","12452"
"2018-10-01 00:00:00","javascript","17332"
"2018-10-01 00:00:00","perl","277"
"2018-10-01 00:00:00","php","8104"
"2018-10-01 00:00:00","python","18089"
"2018-10-01 00:00:00","r","4338"
"2018-10-01 00:00:00","ruby","894"
"2018-10-01 00:00:00","swift","3260"
"2018-11-01 00:00:00","assembly","301"
"2018-11-01 00:00:00","c","2513"
"2018-11-01 00:00:00","c#","8440"
"2018-11-01 00:00:00","c++","4324"
"2018-11-01 00:00:00","delphi","179"
"2018-11-01 00:00:00","go","716"
"2018-11-01 00:00:00","java","11654"
"2018-11-01 00:00:00","javascript","16111"
"2018-11-01 00:00:00","perl","234"
"2018-11-01 00:00:00","php","7047"
"2018-11-01 00:00:00","python","17936"
"2018-11-01 00:00:00","r","4212"
"2018-11-01 00:00:00","ruby","833"
"2018-11-01 00:00:00","swift","2972"
"2018-12-01 00:00:00","assembly","218"
"2018-12-01 00:00:00","c","2183"
"2018-12-01 00:00:00","c#","7510"
"2018-12-01 00:00:00","c++","3539"
"2018-12-01 00:00:00","delphi","173"
"2018-12-01 00:00:00","go","656"
"2018-12-01 00:00:00","java","10394"
"2018-12-01 00:00:00","javascript","14207"
"2018-12-01 00:00:00","perl","217"
"2018-12-01 00:00:00","php","6189"
"2018-12-01 00:00:00","python","15662"
"2018-12-01 00:00:00","r","3385"
"2018-12-01 00:00:00","ruby","806"
"2018-12-01 00:00:00","swift","2773"
"2019-01-01 00:00:00","assembly","219"
"2019-01-01 00:00:00","c","2269"
"2019-01-01 00:00:00","c#","8711"
"2019-01-01 00:00:00","c++","3887"
"2019-01-01 00:00:00","delphi","213"
"2019-01-01 00:00:00","go","651"
"2019-01-01 00:00:00","java","10980"
"2019-01-01 00:00:00","javascript","15964"
"2019-01-01 00:00:00","perl","261"
"2019-01-01 00:00:00","php","7125"
"2019-01-01 00:00:00","python","16884"
"2019-01-01 00:00:00","r","3935"
"2019-01-01 00:00:00","ruby","915"
"2019-01-01 00:00:00","swift","2893"
"2019-02-01 00:00:00","assembly","223"
"2019-02-01 00:00:00","c","2044"
"2019-02-01 00:00:00","c#","8316"
"2019-02-01 00:00:00","c++","3712"
"2019-02-01 00:00:00","delphi","191"
"2019-02-01 00:00:00","go","624"
"2019-02-01 00:00:00","java","10938"
"2019-02-01 00:00:00","javascript","15622"
"2019-02-01 00:00:00","perl","249"
"2019-02-01 00:00:00","php","7236"
"2019-02-01 00:00:00","python","17468"
"2019-02-01 00:00:00","r","4234"
"2019-02-01 00:00:00","ruby","784"
"2019-02-01 00:00:00","swift","2668"
"2019-03-01 00:00:00","assembly","276"
"2019-03-01 00:00:00","c","2369"
"2019-03-01 00:00:00","c#","8919"
"2019-03-01 00:00:00","c++","4401"
"2019-03-01 00:00:00","delphi","184"
"2019-03-01 00:00:00","go","718"
"2019-03-01 00:00:00","java","11978"
"2019-03-01 00:00:00","javascript","17263"
"2019-03-01 00:00:00","perl","231"
"2019-03-01 00:00:00","php","7743"
"2019-03-01 00:00:00","python","19824"
"2019-03-01 00:00:00","r","4479"
"2019-03-01 00:00:00","ruby","839"
"2019-03-01 00:00:00","swift","2935"
"2019-04-01 00:00:00","assembly","303"
"2019-04-01 00:00:00","c","2419"
"2019-04-01 00:00:00","c#","9066"
"2019-04-01 00:00:00","c++","4359"
"2019-04-01 00:00:00","delphi","203"
"2019-04-01 00:00:00","go","647"
"2019-04-01 00:00:00","java","11103"
"2019-04-01 00:00:00","javascript","16102"
"2019-04-01 00:00:00","perl","205"
"2019-04-01 00:00:00","php","7157"
"2019-04-01 00:00:00","python","19757"
"2019-04-01 00:00:00","r","4591"
"2019-04-01 00:00:00","ruby","767"
"2019-04-01 00:00:00","swift","3057"
"2019-05-01 00:00:00","assembly","234"
"2019-05-01 00:00:00","c","2084"
"2019-05-01 00:00:00","c#","8988"
"2019-05-01 00:00:00","c++","4110"
"2019-05-01 00:00:00","delphi","167"
"2019-05-01 00:00:00","go","669"
"2019-05-01 00:00:00","java","11024"
"2019-05-01 00:00:00","javascript","16077"
"2019-05-01 00:00:00","perl","220"
"2019-05-01 00:00:00","php","6922"
"2019-05-01 00:00:00","python","18825"
"2019-05-01 00:00:00","r","4289"
"2019-05-01 00:00:00","ruby","760"
"2019-05-01 00:00:00","swift","3089"
"2019-06-01 00:00:00","assembly","199"
"2019-06-01 00:00:00","c","1716"
"2019-06-01 00:00:00","c#","7565"
"2019-06-01 00:00:00","c++","3626"
"2019-06-01 00:00:00","delphi","134"
"2019-06-01 00:00:00","go","524"
"2019-06-01 00:00:00","java","9582"
"2019-06-01 00:00:00","javascript","14742"
"2019-06-01 00:00:00","perl","235"
"2019-06-01 00:00:00","php","5984"
"2019-06-01 00:00:00","python","17157"
"2019-06-01 00:00:00","r","3941"
"2019-06-01 00:00:00","ruby","701"
"2019-06-01 00:00:00","swift","3084"
"2019-07-01 00:00:00","assembly","185"
"2019-07-01 00:00:00","c","1744"
"2019-07-01 00:00:00","c#","8410"
"2019-07-01 00:00:00","c++","4247"
"2019-07-01 00:00:00","delphi","164"
"2019-07-01 00:00:00","go","623"
"2019-07-01 00:00:00","java","10778"
"2019-07-01 00:00:00","javascript","16061"
"2019-07-01 00:00:00","perl","236"
"2019-07-01 00:00:00","php","6624"
"2019-07-01 00:00:00","python","19655"
"2019-07-01 00:00:00","r","4186"
"2019-07-01 00:00:00","ruby","757"
"2019-07-01 00:00:00","swift","3035"
"2019-08-01 00:00:00","assembly","166"
"2019-08-01 00:00:00","c","1539"
"2019-08-01 00:00:00","c#","7670"
"2019-08-01 00:00:00","c++","3265"
"2019-08-01 00:00:00","delphi","174"
"2019-08-01 00:00:00","go","628"
"2019-08-01 00:00:00","java","9036"
"2019-08-01 00:00:00","javascript","15144"
"2019-08-01 00:00:00","perl","192"
"2019-08-01 00:00:00","php","5812"
"2019-08-01 00:00:00","python","17951"
"2019-08-01 00:00:00","r","3940"
"2019-08-01 00:00:00","ruby","776"
"2019-08-01 00:00:00","swift","2527"
"2019-09-01 00:00:00","assembly","221"
"2019-09-01 00:00:00","c","1995"
"2019-09-01 00:00:00","c#","7810"
"2019-09-01 00:00:00","c++","3760"
"2019-09-01 00:00:00","delphi","145"
"2019-09-01 00:00:00","go","614"
"2019-09-01 00:00:00","java","9609"
"2019-09-01 00:00:00","javascript","14800"
"2019-09-01 00:00:00","perl","198"
"2019-09-01 00:00:00","php","5538"
"2019-09-01 00:00:00","python","16808"
"2019-09-01 00:00:00","r","3928"
"2019-09-01 00:00:00","ruby","714"
"2019-09-01 00:00:00","swift","2556"
"2019-10-01 00:00:00","assembly","316"
"2019-10-01 00:00:00","c","2468"
"2019-10-01 00:00:00","c#","8368"
"2019-10-01 00:00:00","c++","4813"
"2019-10-01 00:00:00","delphi","152"
"2019-10-01 00:00:00","go","631"
"2019-10-01 00:00:00","java","11140"
"2019-10-01 00:00:00","javascript","15912"
"2019-10-01 00:00:00","perl","208"
"2019-10-01 00:00:00","php","6029"
"2019-10-01 00:00:00","python","20362"
"2019-10-01 00:00:00","r","4372"
"2019-10-01 00:00:00","ruby","847"
"2019-10-01 00:00:00","swift","3100"
"2019-11-01 00:00:00","assembly","280"
"2019-11-01 00:00:00","c","2495"
"2019-11-01 00:00:00","c#","7987"
"2019-11-01 00:00:00","c++","4702"
"2019-11-01 00:00:00","delphi","169"
"2019-11-01 00:00:00","go","600"
"2019-11-01 00:00:00","java","10260"
"2019-11-01 00:00:00","javascript","15663"
"2019-11-01 00:00:00","perl","218"
"2019-11-01 00:00:00","php","6077"
"2019-11-01 00:00:00","python","20512"
"2019-11-01 00:00:00","r","4275"
"2019-11-01 00:00:00","ruby","684"
"2019-11-01 00:00:00","swift","2856"
"2019-12-01 00:00:00","assembly","248"
"2019-12-01 00:00:00","c","2135"
"2019-12-01 00:00:00","c#","7174"
"2019-12-01 00:00:00","c++","4177"
"2019-12-01 00:00:00","delphi","125"
"2019-12-01 00:00:00","go","611"
"2019-12-01 00:00:00","java","8964"
"2019-12-01 00:00:00","javascript","14232"
"2019-12-01 00:00:00","perl","156"
"2019-12-01 00:00:00","php","5214"
"2019-12-01 00:00:00","python","18008"
"2019-12-01 00:00:00","r","3736"
"2019-12-01 00:00:00","ruby","667"
"2019-12-01 00:00:00","swift","2652"
"2020-01-01 00:00:00","assembly","228"
"2020-01-01 00:00:00","c","2036"
"2020-01-01 00:00:00","c#","7756"
"2020-01-01 00:00:00","c++","4190"
"2020-01-01 00:00:00","delphi","163"
"2020-01-01 00:00:00","go","645"
"2020-01-01 00:00:00","java","9864"
"2020-01-01 00:00:00","javascript","15932"
"2020-01-01 00:00:00","perl","164"
"2020-01-01 00:00:00","php","5873"
"2020-01-01 00:00:00","python","19862"
"2020-01-01 00:00:00","r","4130"
"2020-01-01 00:00:00","ruby","760"
"2020-01-01 00:00:00","swift","2886"
"2020-02-01 00:00:00","assembly","271"
"2020-02-01 00:00:00","c","1972"
"2020-02-01 00:00:00","c#","7670"
"2020-02-01 00:00:00","c++","4055"
"2020-02-01 00:00:00","delphi","156"
"2020-02-01 00:00:00","go","655"
"2020-02-01 00:00:00","java","9977"
"2020-02-01 00:00:00","javascript","15664"
"2020-02-01 00:00:00","perl","178"
"2020-02-01 00:00:00","php","5627"
"2020-02-01 00:00:00","python","19915"
"2020-02-01 00:00:00","r","4665"
"2020-02-01 00:00:00","ruby","652"
"2020-02-01 00:00:00","swift","2747"
"2020-03-01 00:00:00","assembly","293"
"2020-03-01 00:00:00","c","2468"
"2020-03-01 00:00:00","c#","7749"
"2020-03-01 00:00:00","c++","4614"
"2020-03-01 00:00:00","delphi","166"
"2020-03-01 00:00:00","go","649"
"2020-03-01 00:00:00","java","11006"
"2020-03-01 00:00:00","javascript","17459"
"2020-03-01 00:00:00","perl","196"
"2020-03-01 00:00:00","php","5645"
"2020-03-01 00:00:00","python","22533"
"2020-03-01 00:00:00","r","5106"
"2020-03-01 00:00:00","ruby","709"
"2020-03-01 00:00:00","swift","2901"
"2020-04-01 00:00:00","assembly","373"
"2020-04-01 00:00:00","c","3228"
"2020-04-01 00:00:00","c#","8546"
"2020-04-01 00:00:00","c++","6169"
"2020-04-01 00:00:00","delphi","231"
"2020-04-01 00:00:00","go","791"
"2020-04-01 00:00:00","java","12541"
"2020-04-01 00:00:00","javascript","20770"
"2020-04-01 00:00:00","perl","218"
"2020-04-01 00:00:00","php","6590"
"2020-04-01 00:00:00","python","27471"
"2020-04-01 00:00:00","r","6160"
"2020-04-01 00:00:00","ruby","760"
"2020-04-01 00:00:00","swift","3433"
"2020-05-01 00:00:00","assembly","357"
"2020-05-01 00:00:00","c","3350"
"2020-05-01 00:00:00","c#","8546"
"2020-05-01 00:00:00","c++","6357"
"2020-05-01 00:00:00","delphi","200"
"2020-05-01 00:00:00","go","749"
"2020-05-01 00:00:00","java","11936"
"2020-05-01 00:00:00","javascript","21361"
"2020-05-01 00:00:00","perl","211"
"2020-05-01 00:00:00","php","6484"
"2020-05-01 00:00:00","python","29268"
"2020-05-01 00:00:00","r","5999"
"2020-05-01 00:00:00","ruby","694"
"2020-05-01 00:00:00","swift","3497"
"2020-06-01 00:00:00","assembly","327"
"2020-06-01 00:00:00","c","2579"
"2020-06-01 00:00:00","c#","7861"
"2020-06-01 00:00:00","c++","5590"
"2020-06-01 00:00:00","delphi","202"
"2020-06-01 00:00:00","go","705"
"2020-06-01 00:00:00","java","10763"
"2020-06-01 00:00:00","javascript","19689"
"2020-06-01 00:00:00","perl","198"
"2020-06-01 00:00:00","php","5907"
"2020-06-01 00:00:00","python","26976"
"2020-06-01 00:00:00","r","5427"
"2020-06-01 00:00:00","ruby","611"
"2020-06-01 00:00:00","swift","3141"
"2020-07-01 00:00:00","assembly","269"
"2020-07-01 00:00:00","c","2085"
"2020-07-01 00:00:00","c#","7766"
"2020-07-01 00:00:00","c++","5142"
"2020-07-01 00:00:00","delphi","192"
"2020-07-01 00:00:00","go","638"
"2020-07-01 00:00:00","java","10397"
"2020-07-01 00:00:00","javascript","19777"
"2020-07-01 00:00:00","perl","175"
"2020-07-01 00:00:00","php","5916"
"2020-07-01 00:00:00","python","26152"
"2020-07-01 00:00:00","r","4930"
"2020-07-01 00:00:00","ruby","695"
"2020-07-01 00:00:00","swift","2976"
"2020-08-01 00:00:00","assembly","264"
"2020-08-01 00:00:00","c","1886"
"2020-08-01 00:00:00","c#","7033"
"2020-08-01 00:00:00","c++","4755"
"2020-08-01 00:00:00","delphi","183"
"2020-08-01 00:00:00","go","704"
"2020-08-01 00:00:00","java","9257"
"2020-08-01 00:00:00","javascript","17934"
"2020-08-01 00:00:00","perl","192"
"2020-08-01 00:00:00","php","4969"
"2020-08-01 00:00:00","python","22898"
"2020-08-01 00:00:00","r","4484"
"2020-08-01 00:00:00","ruby","553"
"2020-08-01 00:00:00","swift","2652"
"2020-09-01 00:00:00","assembly","294"
"2020-09-01 00:00:00","c","2139"
"2020-09-01 00:00:00","c#","6427"
"2020-09-01 00:00:00","c++","3899"
"2020-09-01 00:00:00","delphi","171"
"2020-09-01 00:00:00","go","727"
"2020-09-01 00:00:00","java","8887"
"2020-09-01 00:00:00","javascript","16686"
"2020-09-01 00:00:00","perl","165"
"2020-09-01 00:00:00","php","4742"
"2020-09-01 00:00:00","python","21592"
"2020-09-01 00:00:00","r","4745"
"2020-09-01 00:00:00","ruby","512"
"2020-09-01 00:00:00","swift","2539"
"2020-10-01 00:00:00","assembly","343"
"2020-10-01 00:00:00","c","2354"
"2020-10-01 00:00:00","c#","6162"
"2020-10-01 00:00:00","c++","4295"
"2020-10-01 00:00:00","delphi","180"
"2020-10-01 00:00:00","go","589"
"2020-10-01 00:00:00","java","8886"
"2020-10-01 00:00:00","javascript","16323"
"2020-10-01 00:00:00","perl","170"
"2020-10-01 00:00:00","php","4555"
"2020-10-01 00:00:00","python","22652"
"2020-10-01 00:00:00","r","5061"
"2020-10-01 00:00:00","ruby","491"
"2020-10-01 00:00:00","swift","2300"
"2020-11-01 00:00:00","assembly","373"
"2020-11-01 00:00:00","c","2679"
"2020-11-01 00:00:00","c#","5953"
"2020-11-01 00:00:00","c++","4285"
"2020-11-01 00:00:00","delphi","193"
"2020-11-01 00:00:00","go","523"
"2020-11-01 00:00:00","java","8417"
"2020-11-01 00:00:00","javascript","15419"
"2020-11-01 00:00:00","perl","149"
"2020-11-01 00:00:00","php","4590"
"2020-11-01 00:00:00","python","22000"
"2020-11-01 00:00:00","r","4794"
"2020-11-01 00:00:00","ruby","501"
"2020-11-01 00:00:00","swift","2151"
"2020-12-01 00:00:00","assembly","297"
"2020-12-01 00:00:00","c","2632"
"2020-12-01 00:00:00","c#","5713"
"2020-12-01 00:00:00","c++","4427"
"2020-12-01 00:00:00","delphi","190"
"2020-12-01 00:00:00","go","532"
"2020-12-01 00:00:00","java","7749"
"2020-12-01 00:00:00","javascript","15915"
"2020-12-01 00:00:00","perl","131"
"2020-12-01 00:00:00","php","4778"
"2020-12-01 00:00:00","python","22027"
"2020-12-01 00:00:00","r","4319"
"2020-12-01 00:00:00","ruby","497"
"2020-12-01 00:00:00","swift","2084"
"2021-01-01 00:00:00","assembly","306"
"2021-01-01 00:00:00","c","2557"
"2021-01-01 00:00:00","c#","6152"
"2021-01-01 00:00:00","c++","4085"
"2021-01-01 00:00:00","delphi","199"
"2021-01-01 00:00:00","go","563"
"2021-01-01 00:00:00","java","7992"
"2021-01-01 00:00:00","javascript","16763"
"2021-01-01 00:00:00","perl","145"
"2021-01-01 00:00:00","php","4743"
"2021-01-01 00:00:00","python","22739"
"2021-01-01 00:00:00","r","4326"
"2021-01-01 00:00:00","ruby","522"
"2021-01-01 00:00:00","swift","2297"
"2021-02-01 00:00:00","assembly","244"
"2021-02-01 00:00:00","c","2230"
"2021-02-01 00:00:00","c#","5760"
"2021-02-01 00:00:00","c++","4071"
"2021-02-01 00:00:00","delphi","188"
"2021-02-01 00:00:00","go","564"
"2021-02-01 00:00:00","java","7530"
"2021-02-01 00:00:00","javascript","15169"
"2021-02-01 00:00:00","perl","133"
"2021-02-01 00:00:00","php","4374"
"2021-02-01 00:00:00","python","21272"
"2021-02-01 00:00:00","r","4310"
"2021-02-01 00:00:00","ruby","528"
"2021-02-01 00:00:00","swift","2244"
"2021-03-01 00:00:00","assembly","317"
"2021-03-01 00:00:00","c","2469"
"2021-03-01 00:00:00","c#","6350"
"2021-03-01 00:00:00","c++","4271"
"2021-03-01 00:00:00","delphi","253"
"2021-03-01 00:00:00","go","751"
"2021-03-01 00:00:00","java","8613"
"2021-03-01 00:00:00","javascript","16651"
"2021-03-01 00:00:00","perl","151"
"2021-03-01 00:00:00","php","4719"
"2021-03-01 00:00:00","python","23670"
"2021-03-01 00:00:00","r","5156"
"2021-03-01 00:00:00","ruby","495"
"2021-03-01 00:00:00","swift","2368"
"2021-04-01 00:00:00","assembly","318"
"2021-04-01 00:00:00","c","2285"
"2021-04-01 00:00:00","c#","5852"
"2021-04-01 00:00:00","c++","3905"
"2021-04-01 00:00:00","delphi","170"
"2021-04-01 00:00:00","go","621"
"2021-04-01 00:00:00","java","7866"
"2021-04-01 00:00:00","javascript","15754"
"2021-04-01 00:00:00","perl","133"
"2021-04-01 00:00:00","php","4288"
"2021-04-01 00:00:00","python","22238"
"2021-04-01 00:00:00","r","4776"
"2021-04-01 00:00:00","ruby","515"
"2021-04-01 00:00:00","swift","2093"
"2021-05-01 00:00:00","assembly","300"
"2021-05-01 00:00:00","c","2072"
"2021-05-01 00:00:00","c#","5691"
"2021-05-01 00:00:00","c++","4155"
"2021-05-01 00:00:00","delphi","167"
"2021-05-01 00:00:00","go","638"
"2021-05-01 00:00:00","java","7892"
"2021-05-01 00:00:00","javascript","15696"
"2021-05-01 00:00:00","perl","120"
"2021-05-01 00:00:00","php","4243"
"2021-05-01 00:00:00","python","22233"
"2021-05-01 00:00:00","r","4652"
"2021-05-01 00:00:00","ruby","398"
"2021-05-01 00:00:00","swift","1844"
"2021-06-01 00:00:00","assembly","257"
"2021-06-01 00:00:00","c","1858"
"2021-06-01 00:00:00","c#","5586"
"2021-06-01 00:00:00","c++","3797"
"2021-06-01 00:00:00","delphi","125"
"2021-06-01 00:00:00","go","606"
"2021-06-01 00:00:00","java","7531"
"2021-06-01 00:00:00","javascript","14879"
"2021-06-01 00:00:00","perl","154"
"2021-06-01 00:00:00","php","4056"
"2021-06-01 00:00:00","python","20727"
"2021-06-01 00:00:00","r","4268"
"2021-06-01 00:00:00","ruby","417"
"2021-06-01 00:00:00","swift","1776"
"2021-07-01 00:00:00","assembly","184"
"2021-07-01 00:00:00","c","1601"
"2021-07-01 00:00:00","c#","5167"
"2021-07-01 00:00:00","c++","3462"
"2021-07-01 00:00:00","delphi","140"
"2021-07-01 00:00:00","go","600"
"2021-07-01 00:00:00","java","6901"
"2021-07-01 00:00:00","javascript","14645"
"2021-07-01 00:00:00","perl","138"
"2021-07-01 00:00:00","php","3875"
"2021-07-01 00:00:00","python","20423"
"2021-07-01 00:00:00","r","4037"
"2021-07-01 00:00:00","ruby","444"
"2021-07-01 00:00:00","swift","1949"
"2021-08-01 00:00:00","assembly","161"
"2021-08-01 00:00:00","c","1521"
"2021-08-01 00:00:00","c#","5077"
"2021-08-01 00:00:00","c++","3221"
"2021-08-01 00:00:00","delphi","133"
"2021-08-01 00:00:00","go","739"
"2021-08-01 00:00:00","java","6695"
"2021-08-01 00:00:00","javascript","14504"
"2021-08-01 00:00:00","perl","118"
"2021-08-01 00:00:00","php","3837"
"2021-08-01 00:00:00","python","19685"
"2021-08-01 00:00:00","r","4024"
"2021-08-01 00:00:00","ruby","445"
"2021-08-01 00:00:00","swift","1877"
"2021-09-01 00:00:00","assembly","190"
"2021-09-01 00:00:00","c","1695"
"2021-09-01 00:00:00","c#","5016"
"2021-09-01 00:00:00","c++","3571"
"2021-09-01 00:00:00","delphi","133"
"2021-09-01 00:00:00","go","615"
"2021-09-01 00:00:00","java","6567"
"2021-09-01 00:00:00","javascript","14311"
"2021-09-01 00:00:00","perl","112"
"2021-09-01 00:00:00","php","3694"
"2021-09-01 00:00:00","python","18869"
"2021-09-01 00:00:00","r","3890"
"2021-09-01 00:00:00","ruby","444"
"2021-09-01 00:00:00","swift","1611"
"2021-10-01 00:00:00","assembly","203"
"2021-10-01 00:00:00","c","2084"
"2021-10-01 00:00:00","c#","5247"
"2021-10-01 00:00:00","c++","3685"
"2021-10-01 00:00:00","delphi","142"
"2021-10-01 00:00:00","go","697"
"2021-10-01 00:00:00","java","6512"
"2021-10-01 00:00:00","javascript","13713"
"2021-10-01 00:00:00","perl","127"
"2021-10-01 00:00:00","php","3577"
"2021-10-01 00:00:00","python","19662"
"2021-10-01 00:00:00","r","4158"
"2021-10-01 00:00:00","ruby","413"
"2021-10-01 00:00:00","swift","1561"
"2021-11-01 00:00:00","assembly","279"
"2021-11-01 00:00:00","c","2197"
"2021-11-01 00:00:00","c#","5547"
"2021-11-01 00:00:00","c++","3784"
"2021-11-01 00:00:00","delphi","138"
"2021-11-01 00:00:00","go","646"
"2021-11-01 00:00:00","java","6861"
"2021-11-01 00:00:00","javascript","13341"
"2021-11-01 00:00:00","perl","76"
"2021-11-01 00:00:00","php","3464"
"2021-11-01 00:00:00","python","19899"
"2021-11-01 00:00:00","r","4016"
"2021-11-01 00:00:00","ruby","391"
"2021-11-01 00:00:00","swift","1526"
"2021-12-01 00:00:00","assembly","263"
"2021-12-01 00:00:00","c","2088"
"2021-12-01 00:00:00","c#","4994"
"2021-12-01 00:00:00","c++","3544"
"2021-12-01 00:00:00","delphi","143"
"2021-12-01 00:00:00","go","710"
"2021-12-01 00:00:00","java","6134"
"2021-12-01 00:00:00","javascript","12974"
"2021-12-01 00:00:00","perl","100"
"2021-12-01 00:00:00","php","3218"
"2021-12-01 00:00:00","python","18888"
"2021-12-01 00:00:00","r","3533"
"2021-12-01 00:00:00","ruby","365"
"2021-12-01 00:00:00","swift","1409"
"2022-01-01 00:00:00","assembly","226"
"2022-01-01 00:00:00","c","1939"
"2022-01-01 00:00:00","c#","5233"
"2022-01-01 00:00:00","c++","3582"
"2022-01-01 00:00:00","delphi","132"
"2022-01-01 00:00:00","go","737"
"2022-01-01 00:00:00","java","6388"
"2022-01-01 00:00:00","javascript","13846"
"2022-01-01 00:00:00","perl","126"
"2022-01-01 00:00:00","php","3359"
"2022-01-01 00:00:00","python","19546"
"2022-01-01 00:00:00","r","3841"
"2022-01-01 00:00:00","ruby","442"
"2022-01-01 00:00:00","swift","1720"
"2022-02-01 00:00:00","assembly","212"
"2022-02-01 00:00:00","c","1666"
"2022-02-01 00:00:00","c#","5060"
"2022-02-01 00:00:00","c++","3173"
"2022-02-01 00:00:00","delphi","166"
"2022-02-01 00:00:00","go","640"
"2022-02-01 00:00:00","java","5872"
"2022-02-01 00:00:00","javascript","12716"
"2022-02-01 00:00:00","perl","96"
"2022-02-01 00:00:00","php","3096"
"2022-02-01 00:00:00","python","19147"
"2022-02-01 00:00:00","r","3903"
"2022-02-01 00:00:00","ruby","403"
"2022-02-01 00:00:00","swift","1591"
"2022-03-01 00:00:00","assembly","232"
"2022-03-01 00:00:00","c","1937"
"2022-03-01 00:00:00","c#","5627"
"2022-03-01 00:00:00","c++","3486"
"2022-03-01 00:00:00","delphi","119"
"2022-03-01 00:00:00","go","755"
"2022-03-01 00:00:00","java","6520"
"2022-03-01 00:00:00","javascript","13475"
"2022-03-01 00:00:00","perl","103"
"2022-03-01 00:00:00","php","3112"
"2022-03-01 00:00:00","python","20581"
"2022-03-01 00:00:00","r","4474"
"2022-03-01 00:00:00","ruby","441"
"2022-03-01 00:00:00","swift","1727"
"2022-04-01 00:00:00","assembly","247"
"2022-04-01 00:00:00","c","1731"
"2022-04-01 00:00:00","c#","5164"
"2022-04-01 00:00:00","c++","3444"
"2022-04-01 00:00:00","delphi","112"
"2022-04-01 00:00:00","go","706"
"2022-04-01 00:00:00","java","6315"
"2022-04-01 00:00:00","javascript","13363"
"2022-04-01 00:00:00","perl","100"
"2022-04-01 00:00:00","php","3159"
"2022-04-01 00:00:00","python","19692"
"2022-04-01 00:00:00","r","4170"
"2022-04-01 00:00:00","ruby","431"
"2022-04-01 00:00:00","swift","1438"
"2022-05-01 00:00:00","assembly","254"
"2022-05-01 00:00:00","c","1759"
"2022-05-01 00:00:00","c#","5464"
"2022-05-01 00:00:00","c++","3504"
"2022-05-01 00:00:00","delphi","119"
"2022-05-01 00:00:00","go","602"
"2022-05-01 00:00:00","java","6423"
"2022-05-01 00:00:00","javascript","13194"
"2022-05-01 00:00:00","perl","90"
"2022-05-01 00:00:00","php","3346"
"2022-05-01 00:00:00","python","19264"
"2022-05-01 00:00:00","r","4131"
"2022-05-01 00:00:00","ruby","435"
"2022-05-01 00:00:00","swift","1448"
"2022-06-01 00:00:00","assembly","237"
"2022-06-01 00:00:00","c","1552"
"2022-06-01 00:00:00","c#","5274"
"2022-06-01 00:00:00","c++","3058"
"2022-06-01 00:00:00","delphi","110"
"2022-06-01 00:00:00","go","674"
"2022-06-01 00:00:00","java","5677"
"2022-06-01 00:00:00","javascript","12533"
"2022-06-01 00:00:00","perl","123"
"2022-06-01 00:00:00","php","3179"
"2022-06-01 00:00:00","python","18642"
"2022-06-01 00:00:00","r","3885"
"2022-06-01 00:00:00","ruby","423"
"2022-06-01 00:00:00","swift","1499"
"2022-07-01 00:00:00","assembly","203"
"2022-07-01 00:00:00","c","1372"
"2022-07-01 00:00:00","c#","5198"
"2022-07-01 00:00:00","c++","2963"
"2022-07-01 00:00:00","delphi","117"
"2022-07-01 00:00:00","go","678"
"2022-07-01 00:00:00","java","5360"
"2022-07-01 00:00:00","javascript","12642"
"2022-07-01 00:00:00","perl","125"
"2022-07-01 00:00:00","php","3068"
"2022-07-01 00:00:00","python","18912"
"2022-07-01 00:00:00","r","3650"
"2022-07-01 00:00:00","ruby","403"
"2022-07-01 00:00:00","swift","1460"
"2022-08-01 00:00:00","assembly","162"
"2022-08-01 00:00:00","c","1426"
"2022-08-01 00:00:00","c#","5448"
"2022-08-01 00:00:00","c++","2927"
"2022-08-01 00:00:00","delphi","115"
"2022-08-01 00:00:00","go","786"
"2022-08-01 00:00:00","java","5262"
"2022-08-01 00:00:00","javascript","12968"
"2022-08-01 00:00:00","perl","116"
"2022-08-01 00:00:00","php","3098"
"2022-08-01 00:00:00","python","18545"
"2022-08-01 00:00:00","r","3773"
"2022-08-01 00:00:00","ruby","424"
"2022-08-01 00:00:00","swift","1464"
"2022-09-01 00:00:00","assembly","174"
"2022-09-01 00:00:00","c","1539"
"2022-09-01 00:00:00","c#","4957"
"2022-09-01 00:00:00","c++","2762"
"2022-09-01 00:00:00","delphi","134"
"2022-09-01 00:00:00","go","783"
"2022-09-01 00:00:00","java","5005"
"2022-09-01 00:00:00","javascript","11806"
"2022-09-01 00:00:00","perl","82"
"2022-09-01 00:00:00","php","2816"
"2022-09-01 00:00:00","python","16981"
"2022-09-01 00:00:00","r","3528"
"2022-09-01 00:00:00","ruby","399"
"2022-09-01 00:00:00","swift","1483"
"2022-10-01 00:00:00","assembly","223"
"2022-10-01 00:00:00","c","1874"
"2022-10-01 00:00:00","c#","5005"
"2022-10-01 00:00:00","c++","2914"
"2022-10-01 00:00:00","delphi","137"
"2022-10-01 00:00:00","go","675"
"2022-10-01 00:00:00","java","5245"
"2022-10-01 00:00:00","javascript","11534"
"2022-10-01 00:00:00","perl","80"
"2022-10-01 00:00:00","php","2751"
"2022-10-01 00:00:00","python","18389"
"2022-10-01 00:00:00","r","3901"
"2022-10-01 00:00:00","ruby","371"
"2022-10-01 00:00:00","swift","1321"
"2022-11-01 00:00:00","assembly","267"
"2022-11-01 00:00:00","c","1993"
"2022-11-01 00:00:00","c#","5143"
"2022-11-01 00:00:00","c++","2943"
"2022-11-01 00:00:00","delphi","107"
"2022-11-01 00:00:00","go","693"
"2022-11-01 00:00:00","java","5373"
"2022-11-01 00:00:00","javascript","11637"
"2022-11-01 00:00:00","perl","107"
"2022-11-01 00:00:00","php","2765"
"2022-11-01 00:00:00","python","18736"
"2022-11-01 00:00:00","r","3981"
"2022-11-01 00:00:00","ruby","412"
"2022-11-01 00:00:00","swift","1374"
"2022-12-01 00:00:00","assembly","253"
"2022-12-01 00:00:00","c","1712"
"2022-12-01 00:00:00","c#","4632"
"2022-12-01 00:00:00","c++","2589"
"2022-12-01 00:00:00","delphi","81"
"2022-12-01 00:00:00","go","596"
"2022-12-01 00:00:00","java","4770"
"2022-12-01 00:00:00","javascript","10177"
"2022-12-01 00:00:00","perl","93"
"2022-12-01 00:00:00","php","2347"
"2022-12-01 00:00:00","python","15742"
"2022-12-01 00:00:00","r","3200"
"2022-12-01 00:00:00","ruby","341"
"2022-12-01 00:00:00","swift","1217"
"2023-01-01 00:00:00","assembly","223"
"2023-01-01 00:00:00","c","1424"
"2023-01-01 00:00:00","c#","4674"
"2023-01-01 00:00:00","c++","2394"
"2023-01-01 00:00:00","delphi","107"
"2023-01-01 00:00:00","go","686"
"2023-01-01 00:00:00","java","4657"
"2023-01-01 00:00:00","javascript","9957"
"2023-01-01 00:00:00","perl","71"
"2023-01-01 00:00:00","php","2520"
"2023-01-01 00:00:00","python","14893"
"2023-01-01 00:00:00","r","3249"
"2023-01-01 00:00:00","ruby","326"
"2023-01-01 00:00:00","swift","1197"
"2023-02-01 00:00:00","assembly","169"
"2023-02-01 00:00:00","c","1220"
"2023-02-01 00:00:00","c#","4094"
"2023-02-01 00:00:00","c++","2029"
"2023-02-01 00:00:00","delphi","121"
"2023-02-01 00:00:00","go","617"
"2023-02-01 00:00:00","java","4065"
"2023-02-01 00:00:00","javascript","8423"
"2023-02-01 00:00:00","perl","78"
"2023-02-01 00:00:00","php","2004"
"2023-02-01 00:00:00","python","12951"
"2023-02-01 00:00:00","r","3251"
"2023-02-01 00:00:00","ruby","311"
"2023-02-01 00:00:00","swift","1059"
"2023-03-01 00:00:00","assembly","157"
"2023-03-01 00:00:00","c","1173"
"2023-03-01 00:00:00","c#","4216"
"2023-03-01 00:00:00","c++","2311"
"2023-03-01 00:00:00","delphi","120"
"2023-03-01 00:00:00","go","592"
"2023-03-01 00:00:00","java","4417"
"2023-03-01 00:00:00","javascript","8398"
"2023-03-01 00:00:00","perl","93"
"2023-03-01 00:00:00","php","1877"
"2023-03-01 00:00:00","python","12707"
"2023-03-01 00:00:00","r","3268"
"2023-03-01 00:00:00","ruby","262"
"2023-03-01 00:00:00","swift","1125"
"2023-04-01 00:00:00","assembly","177"
"2023-04-01 00:00:00","c","1090"
"2023-04-01 00:00:00","c#","3290"
"2023-04-01 00:00:00","c++","1759"
"2023-04-01 00:00:00","delphi","113"
"2023-04-01 00:00:00","go","477"
"2023-04-01 00:00:00","java","3555"
"2023-04-01 00:00:00","javascript","6498"
"2023-04-01 00:00:00","perl","55"
"2023-04-01 00:00:00","php","1576"
"2023-04-01 00:00:00","python","9991"
"2023-04-01 00:00:00","r","2570"
"2023-04-01 00:00:00","ruby","198"
"2023-04-01 00:00:00","swift","889"
"2023-05-01 00:00:00","assembly","156"
"2023-05-01 00:00:00","c","975"
"2023-05-01 00:00:00","c#","3210"
"2023-05-01 00:00:00","c++","1619"
"2023-05-01 00:00:00","delphi","100"
"2023-05-01 00:00:00","go","390"
"2023-05-01 00:00:00","java","3279"
"2023-05-01 00:00:00","javascript","6074"
"2023-05-01 00:00:00","perl","52"
"2023-05-01 00:00:00","php","1596"
"2023-05-01 00:00:00","python","9492"
"2023-05-01 00:00:00","r","2343"
"2023-05-01 00:00:00","ruby","222"
"2023-05-01 00:00:00","swift","799"
"2023-06-01 00:00:00","assembly","139"
"2023-06-01 00:00:00","c","812"
"2023-06-01 00:00:00","c#","3225"
"2023-06-01 00:00:00","c++","1635"
"2023-06-01 00:00:00","delphi","106"
"2023-06-01 00:00:00","go","493"
"2023-06-01 00:00:00","java","3295"
"2023-06-01 00:00:00","javascript","5833"
"2023-06-01 00:00:00","perl","54"
"2023-06-01 00:00:00","php","1541"
"2023-06-01 00:00:00","python","9014"
"2023-06-01 00:00:00","r","2197"
"2023-06-01 00:00:00","ruby","189"
"2023-06-01 00:00:00","swift","926"
"2023-07-01 00:00:00","assembly","150"
"2023-07-01 00:00:00","c","836"
"2023-07-01 00:00:00","c#","3261"
"2023-07-01 00:00:00","c++","1653"
"2023-07-01 00:00:00","delphi","92"
"2023-07-01 00:00:00","go","486"
"2023-07-01 00:00:00","java","3128"
"2023-07-01 00:00:00","javascript","5876"
"2023-07-01 00:00:00","perl","65"
"2023-07-01 00:00:00","php","1440"
"2023-07-01 00:00:00","python","8973"
"2023-07-01 00:00:00","r","2014"
"2023-07-01 00:00:00","ruby","200"
"2023-07-01 00:00:00","swift","932"
"2023-08-01 00:00:00","assembly","135"
"2023-08-01 00:00:00","c","792"
"2023-08-01 00:00:00","c#","3080"
"2023-08-01 00:00:00","c++","1510"
"2023-08-01 00:00:00","delphi","93"
"2023-08-01 00:00:00","go","460"
"2023-08-01 00:00:00","java","3032"
"2023-08-01 00:00:00","javascript","5195"
"2023-08-01 00:00:00","perl","48"
"2023-08-01 00:00:00","php","1498"
"2023-08-01 00:00:00","python","8210"
"2023-08-01 00:00:00","r","1990"
"2023-08-01 00:00:00","ruby","175"
"2023-08-01 00:00:00","swift","767"
"2023-09-01 00:00:00","assembly","136"
"2023-09-01 00:00:00","c","811"
"2023-09-01 00:00:00","c#","2640"
"2023-09-01 00:00:00","c++","1380"
"2023-09-01 00:00:00","delphi","98"
"2023-09-01 00:00:00","go","396"
"2023-09-01 00:00:00","java","2663"
"2023-09-01 00:00:00","javascript","4459"
"2023-09-01 00:00:00","perl","58"
"2023-09-01 00:00:00","php","1371"
"2023-09-01 00:00:00","python","6922"
"2023-09-01 00:00:00","r","1732"
"2023-09-01 00:00:00","ruby","165"
"2023-09-01 00:00:00","swift","713"
"2023-10-01 00:00:00","assembly","157"
"2023-10-01 00:00:00","c","877"
"2023-10-01 00:00:00","c#","2613"
"2023-10-01 00:00:00","c++","1529"
"2023-10-01 00:00:00","delphi","143"
"2023-10-01 00:00:00","go","393"
"2023-10-01 00:00:00","java","2636"
"2023-10-01 00:00:00","javascript","4128"
"2023-10-01 00:00:00","perl","52"
"2023-10-01 00:00:00","php","1198"
"2023-10-01 00:00:00","python","7046"
"2023-10-01 00:00:00","r","1716"
"2023-10-01 00:00:00","ruby","163"
"2023-10-01 00:00:00","swift","728"
"2023-11-01 00:00:00","assembly","155"
"2023-11-01 00:00:00","c","882"
"2023-11-01 00:00:00","c#","2617"
"2023-11-01 00:00:00","c++","1313"
"2023-11-01 00:00:00","delphi","97"
"2023-11-01 00:00:00","go","381"
"2023-11-01 00:00:00","java","2551"
"2023-11-01 00:00:00","javascript","3960"
"2023-11-01 00:00:00","perl","43"
"2023-11-01 00:00:00","php","1167"
"2023-11-01 00:00:00","python","6672"
"2023-11-01 00:00:00","r","1647"
"2023-11-01 00:00:00","ruby","132"
"2023-11-01 00:00:00","swift","704"
"2023-12-01 00:00:00","assembly","164"
"2023-12-01 00:00:00","c","804"
"2023-12-01 00:00:00","c#","2232"
"2023-12-01 00:00:00","c++","1284"
"2023-12-01 00:00:00","delphi","69"
"2023-12-01 00:00:00","go","308"
"2023-12-01 00:00:00","java","2006"
"2023-12-01 00:00:00","javascript","3651"
"2023-12-01 00:00:00","perl","53"
"2023-12-01 00:00:00","php","980"
"2023-12-01 00:00:00","python","5546"
"2023-12-01 00:00:00","r","1337"
"2023-12-01 00:00:00","ruby","129"
"2023-12-01 00:00:00","swift","597"
"2024-01-01 00:00:00","assembly","162"
"2024-01-01 00:00:00","c","784"
"2024-01-01 00:00:00","c#","2292"
"2024-01-01 00:00:00","c++","1419"
"2024-01-01 00:00:00","delphi","83"
"2024-01-01 00:00:00","go","312"
"2024-01-01 00:00:00","java","2231"
"2024-01-01 00:00:00","javascript","3973"
"2024-01-01 00:00:00","perl","33"
"2024-01-01 00:00:00","php","1120"
"2024-01-01 00:00:00","python","6156"
"2024-01-01 00:00:00","r","1548"
"2024-01-01 00:00:00","ruby","147"
"2024-01-01 00:00:00","swift","696"
"2024-02-01 00:00:00","assembly","118"
"2024-02-01 00:00:00","c","722"
"2024-02-01 00:00:00","c#","2286"
"2024-02-01 00:00:00","c++","1307"
"2024-02-01 00:00:00","delphi","102"
"2024-02-01 00:00:00","go","284"
"2024-02-01 00:00:00","java","2188"
"2024-02-01 00:00:00","javascript","3603"
"2024-02-01 00:00:00","perl","36"
"2024-02-01 00:00:00","php","1041"
"2024-02-01 00:00:00","python","6124"
"2024-02-01 00:00:00","r","1537"
"2024-02-01 00:00:00","ruby","135"
"2024-02-01 00:00:00","swift","593"
"2024-03-01 00:00:00","assembly","127"
"2024-03-01 00:00:00","c","680"
"2024-03-01 00:00:00","c#","2246"
"2024-03-01 00:00:00","c++","1219"
"2024-03-01 00:00:00","delphi","91"
"2024-03-01 00:00:00","go","301"
"2024-03-01 00:00:00","java","2236"
"2024-03-01 00:00:00","javascript","3644"
"2024-03-01 00:00:00","perl","47"
"2024-03-01 00:00:00","php","1117"
"2024-03-01 00:00:00","python","5844"
"2024-03-01 00:00:00","r","1431"
"2024-03-01 00:00:00","ruby","120"
"2024-03-01 00:00:00","swift","594"
"2024-04-01 00:00:00","assembly","170"
"2024-04-01 00:00:00","c","663"
"2024-04-01 00:00:00","c#","2259"
"2024-04-01 00:00:00","c++","1165"
"2024-04-01 00:00:00","delphi","101"
"2024-04-01 00:00:00","go","288"
"2024-04-01 00:00:00","java","2026"
"2024-04-01 00:00:00","javascript","3208"
"2024-04-01 00:00:00","perl","25"
"2024-04-01 00:00:00","php","968"
"2024-04-01 00:00:00","python","5748"
"2024-04-01 00:00:00","r","1323"
"2024-04-01 00:00:00","ruby","109"
"2024-04-01 00:00:00","swift","573"
"2024-05-01 00:00:00","assembly","148"
"2024-05-01 00:00:00","c","605"
"2024-05-01 00:00:00","c#","2037"
"2024-05-01 00:00:00","c++","1285"
"2024-05-01 00:00:00","delphi","88"
"2024-05-01 00:00:00","go","252"
"2024-05-01 00:00:00","java","1784"
"2024-05-01 00:00:00","javascript","3078"
"2024-05-01 00:00:00","perl","38"
"2024-05-01 00:00:00","php","915"
"2024-05-01 00:00:00","python","5436"
"2024-05-01 00:00:00","r","1178"
"2024-05-01 00:00:00","ruby","98"
"2024-05-01 00:00:00","swift","492"
"2024-06-01 00:00:00","assembly","82"
"2024-06-01 00:00:00","c","498"
"2024-06-01 00:00:00","c#","1662"
"2024-06-01 00:00:00","c++","981"
"2024-06-01 00:00:00","delphi","63"
"2024-06-01 00:00:00","go","213"
"2024-06-01 00:00:00","java","1401"
"2024-06-01 00:00:00","javascript","2251"
"2024-06-01 00:00:00","perl","29"
"2024-06-01 00:00:00","php","772"
"2024-06-01 00:00:00","python","4184"
"2024-06-01 00:00:00","r","948"
"2024-06-01 00:00:00","ruby","92"
"2024-06-01 00:00:00","swift","473"
"2024-07-01 00:00:00","assembly","86"
"2024-07-01 00:00:00","c","512"
"2024-07-01 00:00:00","c#","1743"
"2024-07-01 00:00:00","c++","1008"
"2024-07-01 00:00:00","delphi","52"
"2024-07-01 00:00:00","go","238"
"2024-07-01 00:00:00","java","1232"
"2024-07-01 00:00:00","javascript","2168"
"2024-07-01 00:00:00","perl","31"
"2024-07-01 00:00:00","php","695"
"2024-07-01 00:00:00","python","4088"
"2024-07-01 00:00:00","r","912"
"2024-07-01 00:00:00","ruby","85"
"2024-07-01 00:00:00","swift","466"
"2024-08-01 00:00:00","assembly","106"
"2024-08-01 00:00:00","c","456"
"2024-08-01 00:00:00","c#","1581"
"2024-08-01 00:00:00","c++","939"
"2024-08-01 00:00:00","delphi","72"
"2024-08-01 00:00:00","go","187"
"2024-08-01 00:00:00","java","1004"
"2024-08-01 00:00:00","javascript","1947"
"2024-08-01 00:00:00","perl","41"
"2024-08-01 00:00:00","php","646"
"2024-08-01 00:00:00","python","3624"
"2024-08-01 00:00:00","r","770"
"2024-08-01 00:00:00","ruby","98"
"2024-08-01 00:00:00","swift","425"
"2024-09-01 00:00:00","assembly","83"
"2024-09-01 00:00:00","c","423"
"2024-09-01 00:00:00","c#","1337"
"2024-09-01 00:00:00","c++","897"
"2024-09-01 00:00:00","delphi","59"
"2024-09-01 00:00:00","go","142"
"2024-09-01 00:00:00","java","1056"
"2024-09-01 00:00:00","javascript","1683"
"2024-09-01 00:00:00","perl","26"
"2024-09-01 00:00:00","php","520"
"2024-09-01 00:00:00","python","2948"
"2024-09-01 00:00:00","r","662"
"2024-09-01 00:00:00","ruby","69"
"2024-09-01 00:00:00","swift","381"
"2024-10-01 00:00:00","assembly","84"
"2024-10-01 00:00:00","c","448"
"2024-10-01 00:00:00","c#","1347"
"2024-10-01 00:00:00","c++","852"
"2024-10-01 00:00:00","delphi","76"
"2024-10-01 00:00:00","go","170"
"2024-10-01 00:00:00","java","1230"
"2024-10-01 00:00:00","javascript","1464"
"2024-10-01 00:00:00","perl","21"
"2024-10-01 00:00:00","php","550"
"2024-10-01 00:00:00","python","2728"
"2024-10-01 00:00:00","r","691"
"2024-10-01 00:00:00","ruby","49"
"2024-10-01 00:00:00","swift","370"
"2024-11-01 00:00:00","assembly","94"
"2024-11-01 00:00:00","c","390"
"2024-11-01 00:00:00","c#","1184"
"2024-11-01 00:00:00","c++","791"
"2024-11-01 00:00:00","delphi","52"
"2024-11-01 00:00:00","go","113"
"2024-11-01 00:00:00","java","1003"
"2024-11-01 00:00:00","javascript","1289"
"2024-11-01 00:00:00","perl","20"
"2024-11-01 00:00:00","php","461"
"2024-11-01 00:00:00","python","2503"
"2024-11-01 00:00:00","r","629"
"2024-11-01 00:00:00","ruby","66"
"2024-11-01 00:00:00","swift","328"
"2024-12-01 00:00:00","assembly","90"
"2024-12-01 00:00:00","c","320"
"2024-12-01 00:00:00","c#","911"
"2024-12-01 00:00:00","c++","628"
"2024-12-01 00:00:00","delphi","38"
"2024-12-01 00:00:00","go","107"
"2024-12-01 00:00:00","java","940"
"2024-12-01 00:00:00","javascript","1123"
"2024-12-01 00:00:00","perl","24"
"2024-12-01 00:00:00","php","369"
"2024-12-01 00:00:00","python","2168"
"2024-12-01 00:00:00","r","496"
"2024-12-01 00:00:00","ruby","45"
"2024-12-01 00:00:00","swift","265"
"2025-01-01 00:00:00","assembly","67"
"2025-01-01 00:00:00","c","317"
"2025-01-01 00:00:00","c#","991"
"2025-01-01 00:00:00","c++","646"
"2025-01-01 00:00:00","delphi","53"
"2025-01-01 00:00:00","go","129"
"2025-01-01 00:00:00","java","927"
"2025-01-01 00:00:00","javascript","1145"
"2025-01-01 00:00:00","perl","24"
"2025-01-01 00:00:00","php","436"
"2025-01-01 00:00:00","python","2172"
"2025-01-01 00:00:00","r","489"
"2025-01-01 00:00:00","ruby","47"
"2025-01-01 00:00:00","swift","287"
"2025-02-01 00:00:00","assembly","54"
"2025-02-01 00:00:00","c","269"
"2025-02-01 00:00:00","c#","850"
"2025-02-01 00:00:00","c++","560"
"2025-02-01 00:00:00","delphi","53"
"2025-02-01 00:00:00","go","89"
"2025-02-01 00:00:00","java","760"
"2025-02-01 00:00:00","javascript","911"
"2025-02-01 00:00:00","perl","15"
"2025-02-01 00:00:00","php","301"
"2025-02-01 00:00:00","python","1812"
"2025-02-01 00:00:00","r","465"
"2025-02-01 00:00:00","ruby","46"
"2025-02-01 00:00:00","swift","258"
"2025-03-01 00:00:00","assembly","53"
"2025-03-01 00:00:00","c","304"
"2025-03-01 00:00:00","c#","851"
"2025-03-01 00:00:00","c++","662"
"2025-03-01 00:00:00","delphi","53"
"2025-03-01 00:00:00","go","94"
"2025-03-01 00:00:00","java","812"
"2025-03-01 00:00:00","javascript","1010"
"2025-03-01 00:00:00","perl","16"
"2025-03-01 00:00:00","php","318"
"2025-03-01 00:00:00","python","2047"
"2025-03-01 00:00:00","r","473"
"2025-03-01 00:00:00","ruby","43"
"2025-03-01 00:00:00","swift","273"
"2025-04-01 00:00:00","assembly","48"
"2025-04-01 00:00:00","c","200"
"2025-04-01 00:00:00","c#","627"
"2025-04-01 00:00:00","c++","499"
"2025-04-01 00:00:00","delphi","37"
"2025-04-01 00:00:00","go","63"
"2025-04-01 00:00:00","java","749"
"2025-04-01 00:00:00","javascript","742"
"2025-04-01 00:00:00","perl","15"
"2025-04-01 00:00:00","php","232"
"2025-04-01 00:00:00","python","1668"
"2025-04-01 00:00:00","r","392"
"2025-04-01 00:00:00","ruby","31"
"2025-04-01 00:00:00","swift","208"
"2025-05-01 00:00:00","assembly","34"
"2025-05-01 00:00:00","c","198"
"2025-05-01 00:00:00","c#","520"
"2025-05-01 00:00:00","c++","444"
"2025-05-01 00:00:00","delphi","34"
"2025-05-01 00:00:00","go","53"
"2025-05-01 00:00:00","java","590"
"2025-05-01 00:00:00","javascript","603"
"2025-05-01 00:00:00","perl","16"
"2025-05-01 00:00:00","php","224"
"2025-05-01 00:00:00","python","1372"
"2025-05-01 00:00:00","r","272"
"2025-05-01 00:00:00","ruby","28"
"2025-05-01 00:00:00","swift","187"
"2025-06-01 00:00:00","assembly","35"
"2025-06-01 00:00:00","c","173"
"2025-06-01 00:00:00","c#","447"
"2025-06-01 00:00:00","c++","390"
"2025-06-01 00:00:00","delphi","33"
"2025-06-01 00:00:00","go","48"
"2025-06-01 00:00:00","java","410"
"2025-06-01 00:00:00","javascript","455"
"2025-06-01 00:00:00","perl","15"
"2025-06-01 00:00:00","php","162"
"2025-06-01 00:00:00","python","1023"
"2025-06-01 00:00:00","r","250"
"2025-06-01 00:00:00","ruby","26"
"2025-06-01 00:00:00","swift","137"
"2025-07-01 00:00:00","assembly","34"
"2025-07-01 00:00:00","c","148"
"2025-07-01 00:00:00","c#","411"
"2025-07-01 00:00:00","c++","337"
"2025-07-01 00:00:00","delphi","28"
"2025-07-01 00:00:00","go","17"
"2025-07-01 00:00:00","java","379"
"2025-07-01 00:00:00","javascript","425"
"2025-07-01 00:00:00","perl","15"
"2025-07-01 00:00:00","php","102"
"2025-07-01 00:00:00","python","942"
"2025-07-01 00:00:00","r","204"
"2025-07-01 00:00:00","ruby","13"
"2025-07-01 00:00:00","swift","148"
"2025-08-01 00:00:00","assembly","22"
"2025-08-01 00:00:00","c","120"
"2025-08-01 00:00:00","c#","316"
"2025-08-01 00:00:00","c++","291"
"2025-08-01 00:00:00","delphi","34"
"2025-08-01 00:00:00","go","40"
"2025-08-01 00:00:00","java","274"
"2025-08-01 00:00:00","javascript","286"
"2025-08-01 00:00:00","perl","5"
"2025-08-01 00:00:00","php","83"
"2025-08-01 00:00:00","python","708"
"2025-08-01 00:00:00","r","156"
"2025-08-01 00:00:00","ruby","17"
"2025-08-01 00:00:00","swift","88"
"2025-09-01 00:00:00","assembly","22"
"2025-09-01 00:00:00","c","123"
"2025-09-01 00:00:00","c#","283"
"2025-09-01 00:00:00","c++","248"
"2025-09-01 00:00:00","delphi","21"
"2025-09-01 00:00:00","go","34"
"2025-09-01 00:00:00","java","293"
"2025-09-01 00:00:00","javascript","284"
"2025-09-01 00:00:00","perl","9"
"2025-09-01 00:00:00","php","108"
"2025-09-01 00:00:00","python","675"
"2025-09-01 00:00:00","r","149"
"2025-09-01 00:00:00","ruby","13"
"2025-09-01 00:00:00","swift","120"
"2025-10-01 00:00:00","assembly","41"
"2025-10-01 00:00:00","c","118"
"2025-10-01 00:00:00","c#","284"
"2025-10-01 00:00:00","c++","230"
"2025-10-01 00:00:00","delphi","22"
"2025-10-01 00:00:00","go","32"
"2025-10-01 00:00:00","java","260"
"2025-10-01 00:00:00","javascript","260"
"2025-10-01 00:00:00","perl","7"
"2025-10-01 00:00:00","php","92"
"2025-10-01 00:00:00","python","637"
"2025-10-01 00:00:00","r","180"
"2025-10-01 00:00:00","ruby","10"
"2025-10-01 00:00:00","swift","128"
"2025-11-01 00:00:00","assembly","17"
"2025-11-01 00:00:00","c","101"
"2025-11-01 00:00:00","c#","248"
"2025-11-01 00:00:00","c++","208"
"2025-11-01 00:00:00","delphi","14"
"2025-11-01 00:00:00","go","28"
"2025-11-01 00:00:00","java","241"
"2025-11-01 00:00:00","javascript","214"
"2025-11-01 00:00:00","perl","2"
"2025-11-01 00:00:00","php","78"
"2025-11-01 00:00:00","python","522"
"2025-11-01 00:00:00","r","128"
"2025-11-01 00:00:00","ruby","9"
"2025-11-01 00:00:00","swift","103"
"2025-12-01 00:00:00","assembly","19"
"2025-12-01 00:00:00","c","67"
"2025-12-01 00:00:00","c#","192"
"2025-12-01 00:00:00","c++","150"
"2025-12-01 00:00:00","delphi","16"
"2025-12-01 00:00:00","go","20"
"2025-12-01 00:00:00","java","187"
"2025-12-01 00:00:00","javascript","150"
"2025-12-01 00:00:00","perl","6"
"2025-12-01 00:00:00","php","53"
"2025-12-01 00:00:00","python","409"
"2025-12-01 00:00:00","r","98"
"2025-12-01 00:00:00","ruby","6"
"2025-12-01 00:00:00","swift","88"
"2026-01-01 00:00:00","assembly","19"
"2026-01-01 00:00:00","c","82"
"2026-01-01 00:00:00","c#","155"
"2026-01-01 00:00:00","c++","145"
"2026-01-01 00:00:00","delphi","19"
"2026-01-01 00:00:00","go","25"
"2026-01-01 00:00:00","java","157"
"2026-01-01 00:00:00","javascript","164"
"2026-01-01 00:00:00","perl","4"
"2026-01-01 00:00:00","php","46"
"2026-01-01 00:00:00","python","355"
"2026-01-01 00:00:00","r","67"
"2026-01-01 00:00:00","ruby","7"
"2026-01-01 00:00:00","swift","62"
"2026-02-01 00:00:00","assembly","11"
"2026-02-01 00:00:00","c","57"
"2026-02-01 00:00:00","c#","142"
"2026-02-01 00:00:00","c++","128"
"2026-02-01 00:00:00","delphi","17"
"2026-02-01 00:00:00","go","10"
"2026-02-01 00:00:00","java","115"
"2026-02-01 00:00:00","javascript","100"
"2026-02-01 00:00:00","perl","8"
"2026-02-01 00:00:00","php","37"
"2026-02-01 00:00:00","python","279"
"2026-02-01 00:00:00","r","79"
"2026-02-01 00:00:00","ruby","5"
"2026-02-01 00:00:00","swift","69"